[
  {
    "id": 226,
    "iso": "us",
    "nicename": "United States",
    "phonecode": 1,
    "othername": "United States",
    "phrase_id": "749",
    "country_phrase_id": "749",
    "example_number": "(201) 555-0123",
    "country_phrase": "United States"
  },
  {
    "id": 1,
    "iso": "af",
    "nicename": "Afghanistan",
    "phonecode": 93,
    "othername": "Afghanistani",
    "phrase_id": "750",
    "country_phrase_id": "2533",
    "example_number": "70 123 4567",
    "country_phrase": "Afghanistan"
  },
  {
    "id": 2,
    "iso": "al",
    "nicename": "Albania",
    "phonecode": 355,
    "othername": "Albanian",
    "phrase_id": "751",
    "country_phrase_id": "2534",
    "example_number": "67 212 3456",
    "country_phrase": "Albania"
  },
  {
    "id": 3,
    "iso": "dz",
    "nicename": "Algeria",
    "phonecode": 213,
    "othername": "Algerian",
    "phrase_id": "752",
    "country_phrase_id": "2535",
    "example_number": "551 23 45 67",
    "country_phrase": "Algeria"
  },
  {
    "id": 4,
    "iso": "as",
    "nicename": "American Samoa",
    "phonecode": 1684,
    "othername": "American Samoan",
    "phrase_id": "753",
    "country_phrase_id": "2536",
    "example_number": "(684) 733-1234",
    "country_phrase": "American Samoa"
  },
  {
    "id": 5,
    "iso": "ad",
    "nicename": "Andorra",
    "phonecode": 376,
    "othername": "Andorran",
    "phrase_id": "754",
    "country_phrase_id": "2537",
    "example_number": "312 345",
    "country_phrase": "Andorra"
  },
  {
    "id": 6,
    "iso": "ao",
    "nicename": "Angola",
    "phonecode": 244,
    "othername": "Angolan",
    "phrase_id": "755",
    "country_phrase_id": "2538",
    "example_number": "923 123 456",
    "country_phrase": "Angola"
  },
  {
    "id": 7,
    "iso": "ai",
    "nicename": "Anguilla",
    "phonecode": 1264,
    "othername": "Anguillan",
    "phrase_id": "756",
    "country_phrase_id": "2539",
    "example_number": "(264) 235-1234",
    "country_phrase": "Anguilla"
  },
  {
    "id": 8,
    "iso": "aq",
    "nicename": "Antarctica",
    "phonecode": 672,
    "othername": "Antarctican",
    "phrase_id": "757",
    "country_phrase_id": "2540",
    "country_phrase": "Antarctica"
  },
  {
    "id": 9,
    "iso": "ag",
    "nicename": "Antigua and Barbuda",
    "phonecode": 1268,
    "othername": "Antiguan and Barbudan",
    "phrase_id": "758",
    "country_phrase_id": "2541",
    "example_number": "(268) 464-1234",
    "country_phrase": "Antigua and Barbuda"
  },
  {
    "id": 10,
    "iso": "ar",
    "nicename": "Argentina",
    "phonecode": 54,
    "othername": "Argentinian",
    "phrase_id": "759",
    "country_phrase_id": "2542",
    "example_number": "11 15-2345-6789",
    "country_phrase": "Argentina"
  },
  {
    "id": 11,
    "iso": "am",
    "nicename": "Armenia",
    "phonecode": 374,
    "othername": "Armenian",
    "phrase_id": "760",
    "country_phrase_id": "2543",
    "example_number": "77 123456",
    "country_phrase": "Armenia"
  },
  {
    "id": 12,
    "iso": "aw",
    "nicename": "Aruba",
    "phonecode": 297,
    "othername": "Aruban",
    "phrase_id": "761",
    "country_phrase_id": "2544",
    "example_number": "560 1234",
    "country_phrase": "Aruba"
  },
  {
    "id": 13,
    "iso": "au",
    "nicename": "Australia",
    "phonecode": 61,
    "othername": "Australians",
    "phrase_id": "762",
    "country_phrase_id": "2545",
    "example_number": "412 345 678",
    "country_phrase": "Australia"
  },
  {
    "id": 14,
    "iso": "at",
    "nicename": "Austria",
    "phonecode": 43,
    "othername": "Austrians",
    "phrase_id": "763",
    "country_phrase_id": "2546",
    "example_number": "664 123456",
    "country_phrase": "Austria"
  },
  {
    "id": 15,
    "iso": "az",
    "nicename": "Azerbaijan",
    "phonecode": 994,
    "othername": "Azerbaijanian",
    "phrase_id": "764",
    "country_phrase_id": "2547",
    "example_number": "40 123 45 67",
    "country_phrase": "Azerbaijan"
  },
  {
    "id": 16,
    "iso": "bs",
    "nicename": "Bahamas",
    "phonecode": 1242,
    "othername": "Bahamian",
    "phrase_id": "765",
    "country_phrase_id": "2548",
    "example_number": "(242) 359-1234",
    "country_phrase": "Bahamas"
  },
  {
    "id": 17,
    "iso": "bh",
    "nicename": "Bahrain",
    "phonecode": 973,
    "othername": "Bahraini",
    "phrase_id": "766",
    "country_phrase_id": "2549",
    "example_number": "3600 1234",
    "country_phrase": "Bahrain"
  },
  {
    "id": 18,
    "iso": "bd",
    "nicename": "Bangladesh",
    "phonecode": 880,
    "othername": "Bangladeshi",
    "phrase_id": "767",
    "country_phrase_id": "2550",
    "example_number": "1812-345678",
    "country_phrase": "Bangladesh"
  },
  {
    "id": 19,
    "iso": "bb",
    "nicename": "Barbados",
    "phonecode": 1246,
    "othername": "Barbadian",
    "phrase_id": "768",
    "country_phrase_id": "2551",
    "example_number": "(246) 250-1234",
    "country_phrase": "Barbados"
  },
  {
    "id": 20,
    "iso": "by",
    "nicename": "Belarus",
    "phonecode": 375,
    "othername": "Belarusian",
    "phrase_id": "769",
    "country_phrase_id": "2552",
    "example_number": "8 029 491-19-11",
    "country_phrase": "Belarus"
  },
  {
    "id": 21,
    "iso": "be",
    "nicename": "Belgium",
    "phonecode": 32,
    "othername": "Belgian",
    "phrase_id": "770",
    "country_phrase_id": "2553",
    "example_number": "470 12 34 56",
    "country_phrase": "Belgium"
  },
  {
    "id": 22,
    "iso": "bz",
    "nicename": "Belize",
    "phonecode": 501,
    "othername": "Belizean",
    "phrase_id": "771",
    "country_phrase_id": "2554",
    "example_number": "622-1234",
    "country_phrase": "Belize"
  },
  {
    "id": 23,
    "iso": "bj",
    "nicename": "Benin",
    "phonecode": 229,
    "othername": "Beninese",
    "phrase_id": "772",
    "country_phrase_id": "2555",
    "example_number": "90 01 12 34",
    "country_phrase": "Benin"
  },
  {
    "id": 24,
    "iso": "bm",
    "nicename": "Bermuda",
    "phonecode": 1441,
    "othername": "Bermudian",
    "phrase_id": "773",
    "country_phrase_id": "2556",
    "example_number": "(441) 370-1234",
    "country_phrase": "Bermuda"
  },
  {
    "id": 25,
    "iso": "bt",
    "nicename": "Bhutan",
    "phonecode": 975,
    "othername": "Bhutanese",
    "phrase_id": "774",
    "country_phrase_id": "2557",
    "example_number": "17 12 34 56",
    "country_phrase": "Bhutan"
  },
  {
    "id": 26,
    "iso": "bo",
    "nicename": "Bolivia",
    "phonecode": 591,
    "othername": "Bolivian",
    "phrase_id": "775",
    "country_phrase_id": "2558",
    "example_number": "71234567",
    "country_phrase": "Bolivia"
  },
  {
    "id": 27,
    "iso": "ba",
    "nicename": "Bosnia and Herzegovina",
    "phonecode": 387,
    "othername": "Bosnian and Herzegovinian",
    "phrase_id": "776",
    "country_phrase_id": "2559",
    "example_number": "61 123 456",
    "country_phrase": "Bosnia and Herzegovina"
  },
  {
    "id": 28,
    "iso": "bw",
    "nicename": "Botswana",
    "phonecode": 267,
    "othername": "Botswanan",
    "phrase_id": "777",
    "country_phrase_id": "2560",
    "example_number": "71 123 456",
    "country_phrase": "Botswana"
  },
  {
    "id": 29,
    "iso": "bv",
    "nicename": "Bouvet Island",
    "phonecode": 47,
    "othername": "Bouvet Islanders",
    "phrase_id": "778",
    "country_phrase_id": "2561",
    "country_phrase": "Bouvet Island"
  },
  {
    "id": 30,
    "iso": "br",
    "nicename": "Brazil",
    "phonecode": 55,
    "othername": "Brazilian",
    "phrase_id": "779",
    "country_phrase_id": "2562",
    "example_number": "(11) 96123-4567",
    "country_phrase": "Brazil"
  },
  {
    "id": 31,
    "iso": "io",
    "nicename": "British Indian Ocean Territory",
    "phonecode": 246,
    "othername": "British (BIOT)",
    "phrase_id": "780",
    "country_phrase_id": "2563",
    "example_number": "380 1234",
    "country_phrase": "British Indian Ocean Territory"
  },
  {
    "id": 32,
    "iso": "bn",
    "nicename": "Brunei Darussalam",
    "phonecode": 673,
    "othername": "Bruneian",
    "phrase_id": "781",
    "country_phrase_id": "2564",
    "example_number": "712 3456",
    "country_phrase": "Brunei Darussalam"
  },
  {
    "id": 33,
    "iso": "bg",
    "nicename": "Bulgaria",
    "phonecode": 359,
    "othername": "Bulgarian",
    "phrase_id": "782",
    "country_phrase_id": "2565",
    "example_number": "43 012 345",
    "country_phrase": "Bulgaria"
  },
  {
    "id": 34,
    "iso": "bf",
    "nicename": "Burkina Faso",
    "phonecode": 226,
    "othername": "Burkinese",
    "phrase_id": "783",
    "country_phrase_id": "2566",
    "example_number": "70 12 34 56",
    "country_phrase": "Burkina Faso"
  },
  {
    "id": 35,
    "iso": "bi",
    "nicename": "Burundi",
    "phonecode": 257,
    "othername": "Burundian",
    "phrase_id": "784",
    "country_phrase_id": "2567",
    "example_number": "79 56 12 34",
    "country_phrase": "Burundi"
  },
  {
    "id": 36,
    "iso": "kh",
    "nicename": "Cambodia",
    "phonecode": 855,
    "othername": "Cambodian",
    "phrase_id": "785",
    "country_phrase_id": "2568",
    "example_number": "91 234 567",
    "country_phrase": "Cambodia"
  },
  {
    "id": 37,
    "iso": "cm",
    "nicename": "Cameroon",
    "phonecode": 237,
    "othername": "Cameroonian",
    "phrase_id": "786",
    "country_phrase_id": "2569",
    "example_number": "6 71 23 45 67",
    "country_phrase": "Cameroon"
  },
  {
    "id": 38,
    "iso": "ca",
    "nicename": "Canada",
    "phonecode": 1,
    "othername": "Canadian",
    "phrase_id": "787",
    "country_phrase_id": "2570",
    "example_number": "(506) 234-5678",
    "country_phrase": "Canada"
  },
  {
    "id": 39,
    "iso": "cv",
    "nicename": "Cape Verde",
    "phonecode": 238,
    "othername": "Cape Verdean",
    "phrase_id": "788",
    "country_phrase_id": "2571",
    "example_number": "991 12 34",
    "country_phrase": "Cape Verde"
  },
  {
    "id": 40,
    "iso": "ky",
    "nicename": "Cayman Islands",
    "phonecode": 1345,
    "othername": "Caymanian",
    "phrase_id": "789",
    "country_phrase_id": "2572",
    "example_number": "(345) 323-1234",
    "country_phrase": "Cayman Islands"
  },
  {
    "id": 41,
    "iso": "cf",
    "nicename": "Central African Republic",
    "phonecode": 236,
    "othername": "Central African",
    "phrase_id": "790",
    "country_phrase_id": "2573",
    "example_number": "70 01 23 45",
    "country_phrase": "Central African Republic"
  },
  {
    "id": 42,
    "iso": "td",
    "nicename": "Chad",
    "phonecode": 235,
    "othername": "Chadian",
    "phrase_id": "791",
    "country_phrase_id": "2574",
    "example_number": "63 01 23 45",
    "country_phrase": "Chad"
  },
  {
    "id": 43,
    "iso": "cl",
    "nicename": "Chile",
    "phonecode": 56,
    "othername": "Chilean",
    "phrase_id": "792",
    "country_phrase_id": "2575",
    "example_number": "(2) 2123 4567",
    "country_phrase": "Chile"
  },
  {
    "id": 44,
    "iso": "cn",
    "nicename": "China",
    "phonecode": 86,
    "othername": "Chinese",
    "phrase_id": "793",
    "country_phrase_id": "2576",
    "example_number": "131 2345 6789",
    "country_phrase": "China"
  },
  {
    "id": 45,
    "iso": "cx",
    "nicename": "Christmas Island",
    "phonecode": 61,
    "othername": "Christmas Islander",
    "phrase_id": "794",
    "country_phrase_id": "2577",
    "example_number": "412 345 678",
    "country_phrase": "Christmas Island"
  },
  {
    "id": 46,
    "iso": "cc",
    "nicename": "Cocos (Keeling) Islands",
    "phonecode": 61,
    "othername": "Cocos (Keeling) Islanders",
    "phrase_id": "795",
    "country_phrase_id": "2578",
    "example_number": "412 345 678",
    "country_phrase": "Cocos (Keeling) Islands"
  },
  {
    "id": 47,
    "iso": "co",
    "nicename": "Colombia",
    "phonecode": 57,
    "othername": "Colombian",
    "phrase_id": "796",
    "country_phrase_id": "2579",
    "example_number": "321 1234567",
    "country_phrase": "Colombia"
  },
  {
    "id": 48,
    "iso": "km",
    "nicename": "Comoros",
    "phonecode": 269,
    "othername": "Comorian",
    "phrase_id": "797",
    "country_phrase_id": "2580",
    "example_number": "321 23 45",
    "country_phrase": "Comoros"
  },
  {
    "id": 49,
    "iso": "cg",
    "nicename": "Congo",
    "phonecode": 242,
    "othername": "Congolese",
    "phrase_id": "798",
    "country_phrase_id": "2581",
    "example_number": "6 123 4567",
    "country_phrase": "Congo"
  },
  {
    "id": 50,
    "iso": "cd",
    "nicename": "Congo, the Democratic Republic of the",
    "phonecode": 243,
    "othername": "Congolese",
    "phrase_id": "799",
    "country_phrase_id": "2582",
    "example_number": "991 234 567",
    "country_phrase": "Congo, the Democratic Republic of the"
  },
  {
    "id": 51,
    "iso": "ck",
    "nicename": "Cook Islands",
    "phonecode": 682,
    "othername": "Cook Islanders",
    "phrase_id": "800",
    "country_phrase_id": "2583",
    "example_number": "71 234",
    "country_phrase": "Cook Islands"
  },
  {
    "id": 52,
    "iso": "cr",
    "nicename": "Costa Rica",
    "phonecode": 506,
    "othername": "Costa Rican",
    "phrase_id": "801",
    "country_phrase_id": "2584",
    "example_number": "8312 3456",
    "country_phrase": "Costa Rica"
  },
  {
    "id": 53,
    "iso": "ci",
    "nicename": "Cote D''Ivoire",
    "phonecode": 225,
    "othername": "Ivorian",
    "phrase_id": "802",
    "country_phrase_id": "2585",
    "example_number": "1 23 45 6789",
    "country_phrase": "Cote D''Ivoire"
  },
  {
    "id": 54,
    "iso": "hr",
    "nicename": "Croatia",
    "phonecode": 385,
    "othername": "Croatian",
    "phrase_id": "803",
    "country_phrase_id": "2586",
    "example_number": "92 123 4567",
    "country_phrase": "Croatia"
  },
  {
    "id": 55,
    "iso": "cu",
    "nicename": "Cuba",
    "phonecode": 53,
    "othername": "Cuban",
    "phrase_id": "804",
    "country_phrase_id": "2587",
    "example_number": "5 1234567",
    "country_phrase": "Cuba"
  },
  {
    "id": 56,
    "iso": "cy",
    "nicename": "Cyprus",
    "phonecode": 357,
    "othername": "Cyprian",
    "phrase_id": "805",
    "country_phrase_id": "2588",
    "example_number": "96 123456",
    "country_phrase": "Cyprus"
  },
  {
    "id": 57,
    "iso": "cz",
    "nicename": "Czech Republic",
    "phonecode": 420,
    "othername": "Czechs",
    "phrase_id": "806",
    "country_phrase_id": "2589",
    "example_number": "601 123 456",
    "country_phrase": "Czech Republic"
  },
  {
    "id": 58,
    "iso": "dk",
    "nicename": "Denmark",
    "phonecode": 45,
    "othername": "Danes",
    "phrase_id": "807",
    "country_phrase_id": "2590",
    "example_number": "32 12 34 56",
    "country_phrase": "Denmark"
  },
  {
    "id": 59,
    "iso": "dj",
    "nicename": "Djibouti",
    "phonecode": 253,
    "othername": "Djiboutians",
    "phrase_id": "808",
    "country_phrase_id": "2591",
    "example_number": "77 83 10 01",
    "country_phrase": "Djibouti"
  },
  {
    "id": 60,
    "iso": "dm",
    "nicename": "Dominica",
    "phonecode": 1767,
    "othername": "Dominican",
    "phrase_id": "809",
    "country_phrase_id": "2592",
    "example_number": "(767) 225-1234",
    "country_phrase": "Dominica"
  },
  {
    "id": 61,
    "iso": "do",
    "nicename": "Dominican Republic",
    "phonecode": 1809,
    "othername": "Dominican",
    "phrase_id": "810",
    "country_phrase_id": "2593",
    "example_number": "(809) 234-5678",
    "country_phrase": "Dominican Republic"
  },
  {
    "id": 62,
    "iso": "ec",
    "nicename": "Ecuador",
    "phonecode": 593,
    "othername": "Ecuadorian",
    "phrase_id": "811",
    "country_phrase_id": "2594",
    "example_number": "99 123 4567",
    "country_phrase": "Ecuador"
  },
  {
    "id": 63,
    "iso": "eg",
    "nicename": "Egypt",
    "phonecode": 20,
    "othername": "Egyptian",
    "phrase_id": "812",
    "country_phrase_id": "2595",
    "example_number": "100 123 4567",
    "country_phrase": "Egypt"
  },
  {
    "id": 64,
    "iso": "sv",
    "nicename": "El Salvador",
    "phonecode": 503,
    "othername": "Salvadoran",
    "phrase_id": "813",
    "country_phrase_id": "2596",
    "example_number": "7012 3456",
    "country_phrase": "El Salvador"
  },
  {
    "id": 65,
    "iso": "gq",
    "nicename": "Equatorial Guinea",
    "phonecode": 240,
    "othername": "Equatoguinean",
    "phrase_id": "814",
    "country_phrase_id": "2597",
    "example_number": "222 123 456",
    "country_phrase": "Equatorial Guinea"
  },
  {
    "id": 66,
    "iso": "er",
    "nicename": "Eritrea",
    "phonecode": 291,
    "othername": "Eritrean",
    "phrase_id": "815",
    "country_phrase_id": "2598",
    "example_number": "7 123 456",
    "country_phrase": "Eritrea"
  },
  {
    "id": 67,
    "iso": "ee",
    "nicename": "Estonia",
    "phonecode": 372,
    "othername": "Estonian",
    "phrase_id": "816",
    "country_phrase_id": "2599",
    "example_number": "5123 4567",
    "country_phrase": "Estonia"
  },
  {
    "id": 68,
    "iso": "et",
    "nicename": "Ethiopia",
    "phonecode": 251,
    "othername": "Ethiopian",
    "phrase_id": "817",
    "country_phrase_id": "2600",
    "example_number": "91 123 4567",
    "country_phrase": "Ethiopia"
  },
  {
    "id": 69,
    "iso": "fk",
    "nicename": "Falkland Islands (Malvinas)",
    "phonecode": 500,
    "othername": "Falkland Islander",
    "phrase_id": "818",
    "country_phrase_id": "2601",
    "example_number": "51234",
    "country_phrase": "Falkland Islands (Malvinas)"
  },
  {
    "id": 70,
    "iso": "fo",
    "nicename": "Faroe Islands",
    "phonecode": 298,
    "othername": "Faroese",
    "phrase_id": "819",
    "country_phrase_id": "2602",
    "example_number": "211234",
    "country_phrase": "Faroe Islands"
  },
  {
    "id": 71,
    "iso": "fj",
    "nicename": "Fiji",
    "phonecode": 679,
    "othername": "Fijian",
    "phrase_id": "820",
    "country_phrase_id": "2603",
    "example_number": "701 2345",
    "country_phrase": "Fiji"
  },
  {
    "id": 72,
    "iso": "fi",
    "nicename": "Finland",
    "phonecode": 358,
    "othername": "Finnish",
    "phrase_id": "821",
    "country_phrase_id": "2604",
    "example_number": "41 2345678",
    "country_phrase": "Finland"
  },
  {
    "id": 73,
    "iso": "fr",
    "nicename": "France",
    "phonecode": 33,
    "othername": "French",
    "phrase_id": "822",
    "country_phrase_id": "2605",
    "example_number": "6 12 34 56 78",
    "country_phrase": "France"
  },
  {
    "id": 74,
    "iso": "gf",
    "nicename": "French Guiana",
    "phonecode": 594,
    "othername": "French Guianese",
    "phrase_id": "824",
    "country_phrase_id": "2606",
    "example_number": "694 20 12 34",
    "country_phrase": "French Guiana"
  },
  {
    "id": 75,
    "iso": "pf",
    "nicename": "French Polynesia",
    "phonecode": 689,
    "othername": "French Polynesian",
    "phrase_id": "825",
    "country_phrase_id": "2607",
    "example_number": "87 12 34 56",
    "country_phrase": "French Polynesia"
  },
  {
    "id": 76,
    "iso": "tf",
    "nicename": "French Southern Territories",
    "phonecode": 262,
    "othername": "French Southern Territories",
    "phrase_id": "826",
    "country_phrase_id": "2608",
    "country_phrase": "French Southern Territories"
  },
  {
    "id": 77,
    "iso": "ga",
    "nicename": "Gabon",
    "phonecode": 241,
    "othername": "Gabonese",
    "phrase_id": "827",
    "country_phrase_id": "2609",
    "example_number": "6 03 12 34",
    "country_phrase": "Gabon"
  },
  {
    "id": 78,
    "iso": "gm",
    "nicename": "Gambia",
    "phonecode": 220,
    "othername": "Gambian",
    "phrase_id": "828",
    "country_phrase_id": "2610",
    "example_number": "301 2345",
    "country_phrase": "Gambia"
  },
  {
    "id": 79,
    "iso": "ge",
    "nicename": "Georgia",
    "phonecode": 995,
    "othername": "Georgian",
    "phrase_id": "829",
    "country_phrase_id": "2611",
    "example_number": "555 12 34 56",
    "country_phrase": "Georgia"
  },
  {
    "id": 80,
    "iso": "de",
    "nicename": "Germany",
    "phonecode": 49,
    "othername": "German",
    "phrase_id": "830",
    "country_phrase_id": "2612",
    "example_number": "1512 3456789",
    "country_phrase": "Germany"
  },
  {
    "id": 81,
    "iso": "gh",
    "nicename": "Ghana",
    "phonecode": 233,
    "othername": "Ghanaian",
    "phrase_id": "831",
    "country_phrase_id": "2613",
    "example_number": "23 123 4567",
    "country_phrase": "Ghana"
  },
  {
    "id": 82,
    "iso": "gi",
    "nicename": "Gibraltar",
    "phonecode": 350,
    "othername": "Gibraltarian",
    "phrase_id": "832",
    "country_phrase_id": "2614",
    "example_number": "57123456",
    "country_phrase": "Gibraltar"
  },
  {
    "id": 83,
    "iso": "gr",
    "nicename": "Greece",
    "phonecode": 30,
    "othername": "Greek",
    "phrase_id": "833",
    "country_phrase_id": "2615",
    "example_number": "691 234 5678",
    "country_phrase": "Greece"
  },
  {
    "id": 84,
    "iso": "gl",
    "nicename": "Greenland",
    "phonecode": 299,
    "othername": "Greenlander",
    "phrase_id": "834",
    "country_phrase_id": "2616",
    "example_number": "22 12 34",
    "country_phrase": "Greenland"
  },
  {
    "id": 85,
    "iso": "gd",
    "nicename": "Grenada",
    "phonecode": 1473,
    "othername": "Grenadian",
    "phrase_id": "835",
    "country_phrase_id": "2617",
    "example_number": "(473) 403-1234",
    "country_phrase": "Grenada"
  },
  {
    "id": 86,
    "iso": "gp",
    "nicename": "Guadeloupe",
    "phonecode": 590,
    "othername": "Guadeloupean",
    "phrase_id": "836",
    "country_phrase_id": "2618",
    "example_number": "690 00 12 34",
    "country_phrase": "Guadeloupe"
  },
  {
    "id": 87,
    "iso": "gu",
    "nicename": "Guam",
    "phonecode": 1671,
    "othername": "Guamanian",
    "phrase_id": "837",
    "country_phrase_id": "2619",
    "example_number": "(671) 300-1234",
    "country_phrase": "Guam"
  },
  {
    "id": 88,
    "iso": "gt",
    "nicename": "Guatemala",
    "phonecode": 502,
    "othername": "Guatemalan",
    "phrase_id": "838",
    "country_phrase_id": "2620",
    "example_number": "5123 4567",
    "country_phrase": "Guatemala"
  },
  {
    "id": 89,
    "iso": "gn",
    "nicename": "Guinea",
    "phonecode": 224,
    "othername": "Guinean",
    "phrase_id": "839",
    "country_phrase_id": "2621",
    "example_number": "601 12 34 56",
    "country_phrase": "Guinea"
  },
  {
    "id": 90,
    "iso": "gw",
    "nicename": "Guinea-Bissau",
    "phonecode": 245,
    "othername": "Bissau-Guinean",
    "phrase_id": "840",
    "country_phrase_id": "2622",
    "example_number": "955 012 345",
    "country_phrase": "Guinea-Bissau"
  },
  {
    "id": 91,
    "iso": "gy",
    "nicename": "Guyana",
    "phonecode": 592,
    "othername": "Guyanese",
    "phrase_id": "841",
    "country_phrase_id": "2623",
    "example_number": "609 1234",
    "country_phrase": "Guyana"
  },
  {
    "id": 92,
    "iso": "ht",
    "nicename": "Haiti",
    "phonecode": 509,
    "othername": "Haitian",
    "phrase_id": "842",
    "country_phrase_id": "2624",
    "example_number": "34 10 1234",
    "country_phrase": "Haiti"
  },
  {
    "id": 93,
    "iso": "hm",
    "nicename": "Heard Island and Mcdonald Islands",
    "phonecode": 672,
    "othername": "Heard Island and Mcdonald Islands",
    "phrase_id": "985",
    "country_phrase_id": "2625",
    "country_phrase": "Heard Island and Mcdonald Islands"
  },
  {
    "id": 94,
    "iso": "va",
    "nicename": "Holy See (Vatican City State)",
    "phonecode": 39,
    "othername": "Vatican",
    "phrase_id": "843",
    "country_phrase_id": "2626",
    "example_number": "312 345 6789",
    "country_phrase": "Holy See (Vatican City State)"
  },
  {
    "id": 95,
    "iso": "hn",
    "nicename": "Honduras",
    "phonecode": 504,
    "othername": "Honduran",
    "phrase_id": "844",
    "country_phrase_id": "2627",
    "example_number": "9123-4567",
    "country_phrase": "Honduras"
  },
  {
    "id": 96,
    "iso": "hk",
    "nicename": "Hong Kong",
    "phonecode": 852,
    "othername": "Hong Kongers",
    "phrase_id": "850",
    "country_phrase_id": "2628",
    "example_number": "5123 4567",
    "country_phrase": "Hong Kong"
  },
  {
    "id": 97,
    "iso": "hu",
    "nicename": "Hungary",
    "phonecode": 36,
    "othername": "Hungarians",
    "phrase_id": "851",
    "country_phrase_id": "2629",
    "example_number": "6 20 123 4567",
    "country_phrase": "Hungary"
  },
  {
    "id": 98,
    "iso": "is",
    "nicename": "Iceland",
    "phonecode": 354,
    "othername": "Icelanders",
    "phrase_id": "852",
    "country_phrase_id": "2630",
    "example_number": "611 1234",
    "country_phrase": "Iceland"
  },
  {
    "id": 99,
    "iso": "in",
    "nicename": "India",
    "phonecode": 91,
    "othername": "Indian",
    "phrase_id": "853",
    "country_phrase_id": "2631",
    "example_number": "81234 56789",
    "country_phrase": "India"
  },
  {
    "id": 100,
    "iso": "id",
    "nicename": "Indonesia",
    "phonecode": 62,
    "othername": "Indonesians",
    "phrase_id": "854",
    "country_phrase_id": "2632",
    "example_number": "812-345-678",
    "country_phrase": "Indonesia"
  },
  {
    "id": 101,
    "iso": "ir",
    "nicename": "Iran, Islamic Republic of",
    "phonecode": 98,
    "othername": "Iranian",
    "phrase_id": "855",
    "country_phrase_id": "2633",
    "example_number": "912 345 6789",
    "country_phrase": "Iran, Islamic Republic of"
  },
  {
    "id": 102,
    "iso": "iq",
    "nicename": "Iraq",
    "phonecode": 964,
    "othername": "Iraqi",
    "phrase_id": "856",
    "country_phrase_id": "2634",
    "example_number": "791 234 5678",
    "country_phrase": "Iraq"
  },
  {
    "id": 103,
    "iso": "ie",
    "nicename": "Ireland",
    "phonecode": 353,
    "othername": "Irish",
    "phrase_id": "857",
    "country_phrase_id": "2635",
    "example_number": "85 012 3456",
    "country_phrase": "Ireland"
  },
  {
    "id": 104,
    "iso": "il",
    "nicename": "Israel",
    "phonecode": 972,
    "othername": "Israeli",
    "phrase_id": "858",
    "country_phrase_id": "2636",
    "example_number": "50-234-5678",
    "country_phrase": "Israel"
  },
  {
    "id": 105,
    "iso": "it",
    "nicename": "Italy",
    "phonecode": 39,
    "othername": "Italian",
    "phrase_id": "859",
    "country_phrase_id": "2637",
    "example_number": "312 345 6789",
    "country_phrase": "Italy"
  },
  {
    "id": 106,
    "iso": "jm",
    "nicename": "Jamaica",
    "phonecode": 1876,
    "othername": "Jamaican",
    "phrase_id": "860",
    "country_phrase_id": "2638",
    "example_number": "(876) 210-1234",
    "country_phrase": "Jamaica"
  },
  {
    "id": 107,
    "iso": "jp",
    "nicename": "Japan",
    "phonecode": 81,
    "othername": "Japanese",
    "phrase_id": "861",
    "country_phrase_id": "2639",
    "example_number": "90-1234-5678",
    "country_phrase": "Japan"
  },
  {
    "id": 108,
    "iso": "jo",
    "nicename": "Jordan",
    "phonecode": 962,
    "othername": "Jordanian",
    "phrase_id": "862",
    "country_phrase_id": "2640",
    "example_number": "7 9012 3456",
    "country_phrase": "Jordan"
  },
  {
    "id": 109,
    "iso": "kz",
    "nicename": "Kazakhstan",
    "phonecode": 7,
    "othername": "Kazakhstani",
    "phrase_id": "863",
    "country_phrase_id": "2641",
    "example_number": "8 (771) 000 9998",
    "country_phrase": "Kazakhstan"
  },
  {
    "id": 110,
    "iso": "ke",
    "nicename": "Kenya",
    "phonecode": 254,
    "othername": "Kenyan",
    "phrase_id": "864",
    "country_phrase_id": "2642",
    "example_number": "712 123456",
    "country_phrase": "Kenya"
  },
  {
    "id": 111,
    "iso": "ki",
    "nicename": "Kiribati",
    "phonecode": 686,
    "othername": "Kiribatian",
    "phrase_id": "865",
    "country_phrase_id": "2643",
    "example_number": "72001234",
    "country_phrase": "Kiribati"
  },
  {
    "id": 112,
    "iso": "kp",
    "nicename": "Korea, Democratic People''s Republic of",
    "phonecode": 850,
    "othername": "North Korean",
    "phrase_id": "986",
    "country_phrase_id": "2644",
    "example_number": "192 123 4567",
    "country_phrase": "Korea, Democratic People''s Republic of"
  },
  {
    "id": 113,
    "iso": "kr",
    "nicename": "Korea, Republic of",
    "phonecode": 82,
    "othername": "South Korean",
    "phrase_id": "866",
    "country_phrase_id": "2645",
    "example_number": "10-2000-0000",
    "country_phrase": "Korea, Republic of"
  },
  {
    "id": 114,
    "iso": "kw",
    "nicename": "Kuwait",
    "phonecode": 965,
    "othername": "Kuwaiti",
    "phrase_id": "867",
    "country_phrase_id": "2646",
    "example_number": "500 12345",
    "country_phrase": "Kuwait"
  },
  {
    "id": 115,
    "iso": "kg",
    "nicename": "Kyrgyzstan",
    "phonecode": 996,
    "othername": "Kyrgyzstani",
    "phrase_id": "868",
    "country_phrase_id": "2647",
    "example_number": "700 123 456",
    "country_phrase": "Kyrgyzstan"
  },
  {
    "id": 116,
    "iso": "la",
    "nicename": "Lao People''s Democratic Republic",
    "phonecode": 856,
    "othername": "Laotian",
    "phrase_id": "869",
    "country_phrase_id": "2648",
    "example_number": "20 23 123 456",
    "country_phrase": "Lao People''s Democratic Republic"
  },
  {
    "id": 117,
    "iso": "lv",
    "nicename": "Latvia",
    "phonecode": 371,
    "othername": "Latvian",
    "phrase_id": "870",
    "country_phrase_id": "2649",
    "example_number": "21 234 567",
    "country_phrase": "Latvia"
  },
  {
    "id": 118,
    "iso": "lb",
    "nicename": "Lebanon",
    "phonecode": 961,
    "othername": "Lebanese",
    "phrase_id": "871",
    "country_phrase_id": "2650",
    "example_number": "71 123 456",
    "country_phrase": "Lebanon"
  },
  {
    "id": 119,
    "iso": "ls",
    "nicename": "Lesotho",
    "phonecode": 266,
    "othername": "Lesothan",
    "phrase_id": "872",
    "country_phrase_id": "2651",
    "example_number": "5012 3456",
    "country_phrase": "Lesotho"
  },
  {
    "id": 120,
    "iso": "lr",
    "nicename": "Liberia",
    "phonecode": 231,
    "othername": "Liberian",
    "phrase_id": "873",
    "country_phrase_id": "2652",
    "example_number": "77 012 3456",
    "country_phrase": "Liberia"
  },
  {
    "id": 121,
    "iso": "ly",
    "nicename": "Libyan Arab Jamahiriya",
    "phonecode": 218,
    "othername": "Libyan",
    "phrase_id": "874",
    "country_phrase_id": "2653",
    "example_number": "91-2345678",
    "country_phrase": "Libyan Arab Jamahiriya"
  },
  {
    "id": 122,
    "iso": "li",
    "nicename": "Liechtenstein",
    "phonecode": 423,
    "othername": "Liechtensteiners",
    "phrase_id": "875",
    "country_phrase_id": "2654",
    "example_number": "660 234 567",
    "country_phrase": "Liechtenstein"
  },
  {
    "id": 123,
    "iso": "lt",
    "nicename": "Lithuania",
    "phonecode": 370,
    "othername": "Lithuanian",
    "phrase_id": "876",
    "country_phrase_id": "2655",
    "example_number": "(8-612) 34567",
    "country_phrase": "Lithuania"
  },
  {
    "id": 124,
    "iso": "lu",
    "nicename": "Luxembourg",
    "phonecode": 352,
    "othername": "Luxembourgers",
    "phrase_id": "877",
    "country_phrase_id": "2656",
    "example_number": "628 123 456",
    "country_phrase": "Luxembourg"
  },
  {
    "id": 125,
    "iso": "mo",
    "nicename": "Macao",
    "phonecode": 853,
    "othername": "Macanese",
    "phrase_id": "878",
    "country_phrase_id": "2657",
    "example_number": "6612 3456",
    "country_phrase": "Macao"
  },
  {
    "id": 126,
    "iso": "mk",
    "nicename": "Macedonia, the Former Yugoslav Republic of",
    "phonecode": 389,
    "othername": "Macedonian",
    "phrase_id": "879",
    "country_phrase_id": "2658",
    "example_number": "72 345 678",
    "country_phrase": "Macedonia, the Former Yugoslav Republic of"
  },
  {
    "id": 127,
    "iso": "mg",
    "nicename": "Madagascar",
    "phonecode": 261,
    "othername": "Madagascans",
    "phrase_id": "880",
    "country_phrase_id": "2659",
    "example_number": "32 12 345 67",
    "country_phrase": "Madagascar"
  },
  {
    "id": 128,
    "iso": "mw",
    "nicename": "Malawi",
    "phonecode": 265,
    "othername": "Malawian",
    "phrase_id": "881",
    "country_phrase_id": "2660",
    "example_number": "991 23 45 67",
    "country_phrase": "Malawi"
  },
  {
    "id": 129,
    "iso": "my",
    "nicename": "Malaysia",
    "phonecode": 60,
    "othername": "Malaysian",
    "phrase_id": "882",
    "country_phrase_id": "2661",
    "example_number": "12-345 6789",
    "country_phrase": "Malaysia"
  },
  {
    "id": 130,
    "iso": "mv",
    "nicename": "Maldives",
    "phonecode": 960,
    "othername": "Maldivian",
    "phrase_id": "883",
    "country_phrase_id": "2662",
    "example_number": "771-2345",
    "country_phrase": "Maldives"
  },
  {
    "id": 131,
    "iso": "ml",
    "nicename": "Mali",
    "phonecode": 223,
    "othername": "Malian",
    "phrase_id": "884",
    "country_phrase_id": "2663",
    "example_number": "65 01 23 45",
    "country_phrase": "Mali"
  },
  {
    "id": 132,
    "iso": "mt",
    "nicename": "Malta",
    "phonecode": 356,
    "othername": "Maltese",
    "phrase_id": "885",
    "country_phrase_id": "2664",
    "example_number": "9696 1234",
    "country_phrase": "Malta"
  },
  {
    "id": 133,
    "iso": "mh",
    "nicename": "Marshall Islands",
    "phonecode": 692,
    "othername": "Marshallese",
    "phrase_id": "886",
    "country_phrase_id": "2665",
    "example_number": "235-1234",
    "country_phrase": "Marshall Islands"
  },
  {
    "id": 134,
    "iso": "mq",
    "nicename": "Martinique",
    "phonecode": 596,
    "othername": "Martiniquaise",
    "phrase_id": "887",
    "country_phrase_id": "2666",
    "example_number": "696 20 12 34",
    "country_phrase": "Martinique"
  },
  {
    "id": 135,
    "iso": "mr",
    "nicename": "Mauritania",
    "phonecode": 222,
    "othername": "Mauritanian",
    "phrase_id": "888",
    "country_phrase_id": "2667",
    "example_number": "22 12 34 56",
    "country_phrase": "Mauritania"
  },
  {
    "id": 136,
    "iso": "mu",
    "nicename": "Mauritius",
    "phonecode": 230,
    "othername": "Mauritian",
    "phrase_id": "889",
    "country_phrase_id": "2668",
    "example_number": "5251 2345",
    "country_phrase": "Mauritius"
  },
  {
    "id": 137,
    "iso": "yt",
    "nicename": "Mayotte",
    "phonecode": 262,
    "othername": "Maorais",
    "phrase_id": "890",
    "country_phrase_id": "2669",
    "example_number": "639 01 23 45",
    "country_phrase": "Mayotte"
  },
  {
    "id": 138,
    "iso": "mx",
    "nicename": "Mexico",
    "phonecode": 52,
    "othername": "Mexican",
    "phrase_id": "891",
    "country_phrase_id": "2670",
    "example_number": "222 123 4567",
    "country_phrase": "Mexico"
  },
  {
    "id": 139,
    "iso": "fm",
    "nicename": "Micronesia, Federated States of",
    "phonecode": 691,
    "othername": "micronesian",
    "phrase_id": "892",
    "country_phrase_id": "2671",
    "example_number": "350 1234",
    "country_phrase": "Micronesia, Federated States of"
  },
  {
    "id": 140,
    "iso": "md",
    "nicename": "Moldova, Republic of",
    "phonecode": 373,
    "othername": "Moldovan",
    "phrase_id": "893",
    "country_phrase_id": "2672",
    "example_number": "621 12 345",
    "country_phrase": "Moldova, Republic of"
  },
  {
    "id": 141,
    "iso": "mc",
    "nicename": "Monaco",
    "phonecode": 377,
    "othername": "Monacan",
    "phrase_id": "894",
    "country_phrase_id": "2673",
    "example_number": "6 12 34 56 78",
    "country_phrase": "Monaco"
  },
  {
    "id": 142,
    "iso": "mn",
    "nicename": "Mongolia",
    "phonecode": 976,
    "othername": "Mongolian",
    "phrase_id": "895",
    "country_phrase_id": "2674",
    "example_number": "8812 3456",
    "country_phrase": "Mongolia"
  },
  {
    "id": 143,
    "iso": "ms",
    "nicename": "Montserrat",
    "phonecode": 1664,
    "othername": "Montserratian",
    "phrase_id": "896",
    "country_phrase_id": "2675",
    "example_number": "(664) 492-3456",
    "country_phrase": "Montserrat"
  },
  {
    "id": 144,
    "iso": "ma",
    "nicename": "Morocco",
    "phonecode": 212,
    "othername": "Moroccan",
    "phrase_id": "897",
    "country_phrase_id": "2676",
    "example_number": "650-123456",
    "country_phrase": "Morocco"
  },
  {
    "id": 145,
    "iso": "mz",
    "nicename": "Mozambique",
    "phonecode": 258,
    "othername": "Mozambican",
    "phrase_id": "898",
    "country_phrase_id": "2677",
    "example_number": "82 123 4567",
    "country_phrase": "Mozambique"
  },
  {
    "id": 146,
    "iso": "mm",
    "nicename": "Myanmar",
    "phonecode": 95,
    "othername": "Myanman",
    "phrase_id": "899",
    "country_phrase_id": "2678",
    "example_number": "9 212 3456",
    "country_phrase": "Myanmar"
  },
  {
    "id": 147,
    "iso": "na",
    "nicename": "Namibia",
    "phonecode": 264,
    "othername": "Namibian",
    "phrase_id": "900",
    "country_phrase_id": "2679",
    "example_number": "81 123 4567",
    "country_phrase": "Namibia"
  },
  {
    "id": 148,
    "iso": "nr",
    "nicename": "Nauru",
    "phonecode": 674,
    "othername": "Nauruan",
    "phrase_id": "901",
    "country_phrase_id": "2680",
    "example_number": "555 1234",
    "country_phrase": "Nauru"
  },
  {
    "id": 149,
    "iso": "np",
    "nicename": "Nepal",
    "phonecode": 977,
    "othername": "Nepali",
    "phrase_id": "902",
    "country_phrase_id": "2681",
    "example_number": "984-1234567",
    "country_phrase": "Nepal"
  },
  {
    "id": 150,
    "iso": "nl",
    "nicename": "Netherlands",
    "phonecode": 31,
    "othername": "Netherlanders",
    "phrase_id": "987",
    "country_phrase_id": "2682",
    "example_number": "6 12345678",
    "country_phrase": "Netherlands"
  },
  {
    "id": 151,
    "iso": "an",
    "nicename": "Netherlands Antilles",
    "phonecode": 599,
    "othername": "Netherlands Antillean",
    "phrase_id": "903",
    "country_phrase_id": "2683",
    "country_phrase": "Netherlands Antilles"
  },
  {
    "id": 152,
    "iso": "nc",
    "nicename": "New Caledonia",
    "phonecode": 687,
    "othername": "New Caledonian",
    "phrase_id": "904",
    "country_phrase_id": "2684",
    "example_number": "75.12.34",
    "country_phrase": "New Caledonia"
  },
  {
    "id": 153,
    "iso": "nz",
    "nicename": "New Zealand",
    "phonecode": 64,
    "othername": "New Zealandian",
    "phrase_id": "905",
    "country_phrase_id": "2685",
    "example_number": "21 123 4567",
    "country_phrase": "New Zealand"
  },
  {
    "id": 154,
    "iso": "ni",
    "nicename": "Nicaragua",
    "phonecode": 505,
    "othername": "Nicaraguan",
    "phrase_id": "906",
    "country_phrase_id": "2686",
    "example_number": "8123 4567",
    "country_phrase": "Nicaragua"
  },
  {
    "id": 155,
    "iso": "ne",
    "nicename": "Niger",
    "phonecode": 227,
    "othername": "Nigerien",
    "phrase_id": "907",
    "country_phrase_id": "2687",
    "example_number": "93 12 34 56",
    "country_phrase": "Niger"
  },
  {
    "id": 156,
    "iso": "ng",
    "nicename": "Nigeria",
    "phonecode": 234,
    "othername": "Nigerian",
    "phrase_id": "908",
    "country_phrase_id": "2688",
    "example_number": "802 123 4567",
    "country_phrase": "Nigeria"
  },
  {
    "id": 157,
    "iso": "nu",
    "nicename": "Niue",
    "phonecode": 683,
    "othername": "Niuean",
    "phrase_id": "909",
    "country_phrase_id": "2689",
    "example_number": "888 4012",
    "country_phrase": "Niue"
  },
  {
    "id": 158,
    "iso": "nf",
    "nicename": "Norfolk Island",
    "phonecode": 672,
    "othername": "Norfolk Islander",
    "phrase_id": "910",
    "country_phrase_id": "2690",
    "example_number": "3 81234",
    "country_phrase": "Norfolk Island"
  },
  {
    "id": 159,
    "iso": "mp",
    "nicename": "Northern Mariana Islands",
    "phonecode": 1670,
    "othername": "Northern Mariana Islander",
    "phrase_id": "911",
    "country_phrase_id": "2691",
    "example_number": "(670) 234-5678",
    "country_phrase": "Northern Mariana Islands"
  },
  {
    "id": 160,
    "iso": "no",
    "nicename": "Norway",
    "phonecode": 47,
    "othername": "Norwegian",
    "phrase_id": "988",
    "country_phrase_id": "2692",
    "example_number": "406 12 345",
    "country_phrase": "Norway"
  },
  {
    "id": 161,
    "iso": "om",
    "nicename": "Oman",
    "phonecode": 968,
    "othername": "Omani",
    "phrase_id": "912",
    "country_phrase_id": "2693",
    "example_number": "9212 3456",
    "country_phrase": "Oman"
  },
  {
    "id": 162,
    "iso": "pk",
    "nicename": "Pakistan",
    "phonecode": 92,
    "othername": "Pakistani",
    "phrase_id": "913",
    "country_phrase_id": "2694",
    "example_number": "301 2345678",
    "country_phrase": "Pakistan"
  },
  {
    "id": 163,
    "iso": "pw",
    "nicename": "Palau",
    "phonecode": 680,
    "othername": "Palauan",
    "phrase_id": "914",
    "country_phrase_id": "2695",
    "example_number": "620 1234",
    "country_phrase": "Palau"
  },
  {
    "id": 164,
    "iso": "ps",
    "nicename": "Palestinian Territory, Occupied",
    "phonecode": 970,
    "othername": "Palestinian",
    "phrase_id": "915",
    "country_phrase_id": "2696",
    "example_number": "599 123 456",
    "country_phrase": "Palestinian Territory, Occupied"
  },
  {
    "id": 165,
    "iso": "pa",
    "nicename": "Panama",
    "phonecode": 507,
    "othername": "Panamanian",
    "phrase_id": "916",
    "country_phrase_id": "2697",
    "example_number": "6123-4567",
    "country_phrase": "Panama"
  },
  {
    "id": 166,
    "iso": "pg",
    "nicename": "Papua New Guinea",
    "phonecode": 675,
    "othername": "Papua New Guinean",
    "phrase_id": "917",
    "country_phrase_id": "2698",
    "example_number": "7012 3456",
    "country_phrase": "Papua New Guinea"
  },
  {
    "id": 167,
    "iso": "py",
    "nicename": "Paraguay",
    "phonecode": 595,
    "othername": "Paraguayan",
    "phrase_id": "918",
    "country_phrase_id": "2699",
    "example_number": "961 456789",
    "country_phrase": "Paraguay"
  },
  {
    "id": 168,
    "iso": "pe",
    "nicename": "Peru",
    "phonecode": 51,
    "othername": "Peruvian",
    "phrase_id": "919",
    "country_phrase_id": "2700",
    "example_number": "912 345 678",
    "country_phrase": "Peru"
  },
  {
    "id": 169,
    "iso": "ph",
    "nicename": "Philippines",
    "phonecode": 63,
    "othername": "Philippines",
    "phrase_id": "920",
    "country_phrase_id": "2701",
    "example_number": "905 123 4567",
    "country_phrase": "Philippines"
  },
  {
    "id": 170,
    "iso": "pn",
    "nicename": "Pitcairn",
    "phonecode": 64,
    "othername": "Pitcairn Islander",
    "phrase_id": "921",
    "country_phrase_id": "2702",
    "country_phrase": "Pitcairn"
  },
  {
    "id": 171,
    "iso": "pl",
    "nicename": "Poland",
    "phonecode": 48,
    "othername": "Poles",
    "phrase_id": "922",
    "country_phrase_id": "2703",
    "example_number": "512 345 678",
    "country_phrase": "Poland"
  },
  {
    "id": 172,
    "iso": "pt",
    "nicename": "Portugal",
    "phonecode": 351,
    "othername": "Portuguese",
    "phrase_id": "923",
    "country_phrase_id": "2704",
    "example_number": "912 345 678",
    "country_phrase": "Portugal"
  },
  {
    "id": 173,
    "iso": "pr",
    "nicename": "Puerto Rico",
    "phonecode": 1787,
    "othername": "Puerto Rican",
    "phrase_id": "924",
    "country_phrase_id": "2705",
    "example_number": "(787) 234-5678",
    "country_phrase": "Puerto Rico"
  },
  {
    "id": 174,
    "iso": "qa",
    "nicename": "Qatar",
    "phonecode": 974,
    "othername": "Qatari",
    "phrase_id": "925",
    "country_phrase_id": "2706",
    "example_number": "3312 3456",
    "country_phrase": "Qatar"
  },
  {
    "id": 175,
    "iso": "re",
    "nicename": "Reunion",
    "phonecode": 262,
    "othername": "Réunionese",
    "phrase_id": "926",
    "country_phrase_id": "2707",
    "example_number": "692 12 34 56",
    "country_phrase": "Reunion"
  },
  {
    "id": 176,
    "iso": "ro",
    "nicename": "Romania",
    "phonecode": 40,
    "othername": "Romanian",
    "phrase_id": "927",
    "country_phrase_id": "2708",
    "example_number": "712 034 567",
    "country_phrase": "Romania"
  },
  {
    "id": 177,
    "iso": "ru",
    "nicename": "Russian Federation",
    "phonecode": 7,
    "othername": "Russian",
    "phrase_id": "928",
    "country_phrase_id": "2709",
    "example_number": "8 (912) 345-67-89",
    "country_phrase": "Russian Federation"
  },
  {
    "id": 178,
    "iso": "rw",
    "nicename": "Rwanda",
    "phonecode": 250,
    "othername": "Rwandan",
    "phrase_id": "929",
    "country_phrase_id": "2710",
    "example_number": "720 123 456",
    "country_phrase": "Rwanda"
  },
  {
    "id": 180,
    "iso": "kn",
    "nicename": "Saint Kitts and Nevis",
    "phonecode": 1869,
    "othername": "Kittitian or Nevisian",
    "phrase_id": "931",
    "country_phrase_id": "2711",
    "example_number": "(869) 765-2917",
    "country_phrase": "Saint Kitts and Nevis"
  },
  {
    "id": 181,
    "iso": "lc",
    "nicename": "Saint Lucia",
    "phonecode": 1758,
    "othername": "Saint Lucian",
    "phrase_id": "989",
    "country_phrase_id": "2712",
    "example_number": "(758) 284-5678",
    "country_phrase": "Saint Lucia"
  },
  {
    "id": 182,
    "iso": "pm",
    "nicename": "Saint Pierre and Miquelon",
    "phonecode": 508,
    "othername": "Pierrian and Miquelonnais",
    "phrase_id": "932",
    "country_phrase_id": "2713",
    "example_number": "55 12 34",
    "country_phrase": "Saint Pierre and Miquelon"
  },
  {
    "id": 183,
    "iso": "vc",
    "nicename": "Saint Vincent and the Grenadines",
    "phonecode": 1784,
    "othername": "Saint Vincentian",
    "phrase_id": "933",
    "country_phrase_id": "2714",
    "example_number": "(784) 430-1234",
    "country_phrase": "Saint Vincent and the Grenadines"
  },
  {
    "id": 184,
    "iso": "ws",
    "nicename": "Samoa",
    "phonecode": 685,
    "othername": "Samoan",
    "phrase_id": "934",
    "country_phrase_id": "2715",
    "example_number": "72 12345",
    "country_phrase": "Samoa"
  },
  {
    "id": 185,
    "iso": "sm",
    "nicename": "San Marino",
    "phonecode": 378,
    "othername": "Sammarinese",
    "phrase_id": "935",
    "country_phrase_id": "2716",
    "example_number": "66 66 12 12",
    "country_phrase": "San Marino"
  },
  {
    "id": 186,
    "iso": "st",
    "nicename": "Sao Tome and Principe",
    "phonecode": 239,
    "othername": "São Toméan",
    "phrase_id": "936",
    "country_phrase_id": "2717",
    "example_number": "981 2345",
    "country_phrase": "Sao Tome and Principe"
  },
  {
    "id": 187,
    "iso": "sa",
    "nicename": "Saudi Arabia",
    "phonecode": 966,
    "othername": "Saudi Arabian",
    "phrase_id": "937",
    "country_phrase_id": "2718",
    "example_number": "51 234 5678",
    "country_phrase": "Saudi Arabia"
  },
  {
    "id": 188,
    "iso": "sn",
    "nicename": "Senegal",
    "phonecode": 221,
    "othername": "Senegalese",
    "phrase_id": "938",
    "country_phrase_id": "2719",
    "example_number": "70 123 45 67",
    "country_phrase": "Senegal"
  },
  {
    "id": 235,
    "iso": "rs",
    "nicename": "Serbia",
    "phonecode": 381,
    "othername": "serbia",
    "phrase_id": "1459",
    "country_phrase_id": "2720",
    "example_number": "60 1234567",
    "country_phrase": "Serbia"
  },
  {
    "id": 236,
    "iso": "me",
    "nicename": "Montenegro",
    "phonecode": 382,
    "othername": "montenegro",
    "phrase_id": "1460",
    "country_phrase_id": "2721",
    "example_number": "67 622 901",
    "country_phrase": "Montenegro"
  },
  {
    "id": 190,
    "iso": "sc",
    "nicename": "Seychelles",
    "phonecode": 248,
    "othername": "Seychellois(e)",
    "phrase_id": "940",
    "country_phrase_id": "2722",
    "example_number": "2 510 123",
    "country_phrase": "Seychelles"
  },
  {
    "id": 191,
    "iso": "sl",
    "nicename": "Sierra Leone",
    "phonecode": 232,
    "othername": "Sierra Leonean",
    "phrase_id": "941",
    "country_phrase_id": "2723",
    "example_number": "(025) 123456",
    "country_phrase": "Sierra Leone"
  },
  {
    "id": 192,
    "iso": "sg",
    "nicename": "Singapore",
    "phonecode": 65,
    "othername": "Singaporean",
    "phrase_id": "942",
    "country_phrase_id": "2724",
    "example_number": "8123 4567",
    "country_phrase": "Singapore"
  },
  {
    "id": 193,
    "iso": "sk",
    "nicename": "Slovakia",
    "phonecode": 421,
    "othername": "Slovakian",
    "phrase_id": "943",
    "country_phrase_id": "2725",
    "example_number": "912 123 456",
    "country_phrase": "Slovakia"
  },
  {
    "id": 194,
    "iso": "si",
    "nicename": "Slovenia",
    "phonecode": 386,
    "othername": "Slovenian",
    "phrase_id": "944",
    "country_phrase_id": "2726",
    "example_number": "31 234 567",
    "country_phrase": "Slovenia"
  },
  {
    "id": 195,
    "iso": "sb",
    "nicename": "Solomon Islands",
    "phonecode": 677,
    "othername": "Solomon Islanders",
    "phrase_id": "945",
    "country_phrase_id": "2727",
    "example_number": "74 21234",
    "country_phrase": "Solomon Islands"
  },
  {
    "id": 196,
    "iso": "so",
    "nicename": "Somalia",
    "phonecode": 252,
    "othername": "Somalian",
    "phrase_id": "946",
    "country_phrase_id": "2728",
    "example_number": "7 1123456",
    "country_phrase": "Somalia"
  },
  {
    "id": 197,
    "iso": "za",
    "nicename": "South Africa",
    "phonecode": 27,
    "othername": "South African",
    "phrase_id": "947",
    "country_phrase_id": "2729",
    "example_number": "71 123 4567",
    "country_phrase": "South Africa"
  },
  {
    "id": 198,
    "iso": "gs",
    "nicename": "South Georgia and the South Sandwich Islands",
    "phonecode": 500,
    "othername": "South Georgian",
    "phrase_id": "948",
    "country_phrase_id": "2730",
    "country_phrase": "South Georgia and the South Sandwich Islands"
  },
  {
    "id": 199,
    "iso": "es",
    "nicename": "Spain",
    "phonecode": 34,
    "othername": "Spanish",
    "phrase_id": "949",
    "country_phrase_id": "2731",
    "example_number": "612 34 56 78",
    "country_phrase": "Spain"
  },
  {
    "id": 200,
    "iso": "lk",
    "nicename": "Sri Lanka",
    "phonecode": 94,
    "othername": "Sri Lankan",
    "phrase_id": "950",
    "country_phrase_id": "2732",
    "example_number": "71 234 5678",
    "country_phrase": "Sri Lanka"
  },
  {
    "id": 201,
    "iso": "sd",
    "nicename": "Sudan",
    "phonecode": 249,
    "othername": "Sudanese",
    "phrase_id": "951",
    "country_phrase_id": "2733",
    "example_number": "91 123 1234",
    "country_phrase": "Sudan"
  },
  {
    "id": 202,
    "iso": "sr",
    "nicename": "Suriname",
    "phonecode": 597,
    "othername": "Surinamese",
    "phrase_id": "952",
    "country_phrase_id": "2734",
    "example_number": "741-2345",
    "country_phrase": "Suriname"
  },
  {
    "id": 203,
    "iso": "sj",
    "nicename": "Svalbard and Jan Mayen",
    "phonecode": 47,
    "othername": "Svalbardi and Jan Mayen",
    "phrase_id": "953",
    "country_phrase_id": "2735",
    "example_number": "412 34 567",
    "country_phrase": "Svalbard and Jan Mayen"
  },
  {
    "id": 204,
    "iso": "sz",
    "nicename": "Swaziland",
    "phonecode": 268,
    "othername": "Swazis",
    "phrase_id": "954",
    "country_phrase_id": "2736",
    "example_number": "7612 3456",
    "country_phrase": "Swaziland"
  },
  {
    "id": 205,
    "iso": "se",
    "nicename": "Sweden",
    "phonecode": 46,
    "othername": "Swedish",
    "phrase_id": "955",
    "country_phrase_id": "2737",
    "example_number": "70-123 45 67",
    "country_phrase": "Sweden"
  },
  {
    "id": 206,
    "iso": "ch",
    "nicename": "Switzerland",
    "phonecode": 41,
    "othername": "Swiss",
    "phrase_id": "956",
    "country_phrase_id": "2738",
    "example_number": "78 123 45 67",
    "country_phrase": "Switzerland"
  },
  {
    "id": 207,
    "iso": "sy",
    "nicename": "Syrian Arab Republic",
    "phonecode": 963,
    "othername": "Syrian",
    "phrase_id": "957",
    "country_phrase_id": "2739",
    "example_number": "944 567 890",
    "country_phrase": "Syrian Arab Republic"
  },
  {
    "id": 208,
    "iso": "tw",
    "nicename": "Taiwan, Province of China",
    "phonecode": 886,
    "othername": "Taiwanese",
    "phrase_id": "958",
    "country_phrase_id": "2740",
    "example_number": "912 345 678",
    "country_phrase": "Taiwan, Province of China"
  },
  {
    "id": 209,
    "iso": "tj",
    "nicename": "Tajikistan",
    "phonecode": 992,
    "othername": "Tajikistani",
    "phrase_id": "959",
    "country_phrase_id": "2741",
    "example_number": "917 12 3456",
    "country_phrase": "Tajikistan"
  },
  {
    "id": 210,
    "iso": "tz",
    "nicename": "Tanzania, United Republic of",
    "phonecode": 255,
    "othername": "Tanzanian",
    "phrase_id": "960",
    "country_phrase_id": "2742",
    "example_number": "621 234 567",
    "country_phrase": "Tanzania, United Republic of"
  },
  {
    "id": 211,
    "iso": "th",
    "nicename": "Thailand",
    "phonecode": 66,
    "othername": "Thai",
    "phrase_id": "961",
    "country_phrase_id": "2743",
    "example_number": "81 234 5678",
    "country_phrase": "Thailand"
  },
  {
    "id": 212,
    "iso": "tl",
    "nicename": "Timor-Leste",
    "phonecode": 670,
    "othername": "Timorese",
    "phrase_id": "962",
    "country_phrase_id": "2744",
    "example_number": "7721 2345",
    "country_phrase": "Timor-Leste"
  },
  {
    "id": 213,
    "iso": "tg",
    "nicename": "Togo",
    "phonecode": 228,
    "othername": "Togolese",
    "phrase_id": "963",
    "country_phrase_id": "2745",
    "example_number": "90 11 23 45",
    "country_phrase": "Togo"
  },
  {
    "id": 214,
    "iso": "tk",
    "nicename": "Tokelau",
    "phonecode": 690,
    "othername": "Tokelauan",
    "phrase_id": "964",
    "country_phrase_id": "2746",
    "example_number": "7290",
    "country_phrase": "Tokelau"
  },
  {
    "id": 215,
    "iso": "to",
    "nicename": "Tonga",
    "phonecode": 676,
    "othername": "Tongan",
    "phrase_id": "965",
    "country_phrase_id": "2747",
    "example_number": "771 5123",
    "country_phrase": "Tonga"
  },
  {
    "id": 216,
    "iso": "tt",
    "nicename": "Trinidad and Tobago",
    "phonecode": 1868,
    "othername": "Trinidadian or Tobagonian",
    "phrase_id": "966",
    "country_phrase_id": "2748",
    "example_number": "(868) 291-1234",
    "country_phrase": "Trinidad and Tobago"
  },
  {
    "id": 217,
    "iso": "tn",
    "nicename": "Tunisia",
    "phonecode": 216,
    "othername": "Tunisian",
    "phrase_id": "967",
    "country_phrase_id": "2749",
    "example_number": "20 123 456",
    "country_phrase": "Tunisia"
  },
  {
    "id": 218,
    "iso": "tr",
    "nicename": "Turkey",
    "phonecode": 90,
    "othername": "Turkish",
    "phrase_id": "968",
    "country_phrase_id": "2750",
    "example_number": "501 234 56 78",
    "country_phrase": "Turkey"
  },
  {
    "id": 219,
    "iso": "tm",
    "nicename": "Turkmenistan",
    "phonecode": 993,
    "othername": "Turkmenistani",
    "phrase_id": "969",
    "country_phrase_id": "2751",
    "example_number": "8 66 123456",
    "country_phrase": "Turkmenistan"
  },
  {
    "id": 220,
    "iso": "tc",
    "nicename": "Turks and Caicos Islands",
    "phonecode": 1649,
    "othername": "Turks and Caicos Islander",
    "phrase_id": "970",
    "country_phrase_id": "2752",
    "example_number": "(649) 231-1234",
    "country_phrase": "Turks and Caicos Islands"
  },
  {
    "id": 221,
    "iso": "tv",
    "nicename": "Tuvalu",
    "phonecode": 688,
    "othername": "Tuvaluan",
    "phrase_id": "971",
    "country_phrase_id": "2753",
    "example_number": "90 1234",
    "country_phrase": "Tuvalu"
  },
  {
    "id": 222,
    "iso": "ug",
    "nicename": "Uganda",
    "phonecode": 256,
    "othername": "Ugandan",
    "phrase_id": "972",
    "country_phrase_id": "2754",
    "example_number": "712 345678",
    "country_phrase": "Uganda"
  },
  {
    "id": 223,
    "iso": "ua",
    "nicename": "Ukraine",
    "phonecode": 380,
    "othername": "Ukrainian",
    "phrase_id": "973",
    "country_phrase_id": "2755",
    "example_number": "50 123 4567",
    "country_phrase": "Ukraine"
  },
  {
    "id": 224,
    "iso": "ae",
    "nicename": "United Arab Emirates",
    "phonecode": 971,
    "othername": "Emirati",
    "phrase_id": "974",
    "country_phrase_id": "2756",
    "example_number": "50 123 4567",
    "country_phrase": "United Arab Emirates"
  },
  {
    "id": 225,
    "iso": "gb",
    "nicename": "United Kingdom",
    "phonecode": 44,
    "othername": "British",
    "phrase_id": "975",
    "country_phrase_id": "2757",
    "example_number": "7400 123456",
    "country_phrase": "United Kingdom"
  },
  {
    "id": 228,
    "iso": "uy",
    "nicename": "Uruguay",
    "phonecode": 598,
    "othername": "Uruguayan",
    "phrase_id": "977",
    "country_phrase_id": "2758",
    "example_number": "94 231 234",
    "country_phrase": "Uruguay"
  },
  {
    "id": 229,
    "iso": "uz",
    "nicename": "Uzbekistan",
    "phonecode": 998,
    "othername": "Uzbekistani",
    "phrase_id": "978",
    "country_phrase_id": "2759",
    "example_number": "8 91 234 56 78",
    "country_phrase": "Uzbekistan"
  },
  {
    "id": 230,
    "iso": "vu",
    "nicename": "Vanuatu",
    "phonecode": 678,
    "othername": "Vanuatuan",
    "phrase_id": "980",
    "country_phrase_id": "2760",
    "example_number": "591 2345",
    "country_phrase": "Vanuatu"
  },
  {
    "id": 231,
    "iso": "ve",
    "nicename": "Venezuela",
    "phonecode": 58,
    "othername": "Venezuelan",
    "phrase_id": "981",
    "country_phrase_id": "2761",
    "example_number": "412-1234567",
    "country_phrase": "Venezuela"
  },
  {
    "id": 232,
    "iso": "vn",
    "nicename": "Viet Nam",
    "phonecode": 84,
    "othername": "Vietnamese",
    "phrase_id": "982",
    "country_phrase_id": "2762",
    "example_number": "91 234 56 78",
    "country_phrase": "Viet Nam"
  },
  {
    "id": 233,
    "iso": "vg",
    "nicename": "Virgin Islands, British",
    "phonecode": 1284,
    "othername": "British Virgin Islander",
    "phrase_id": "983",
    "country_phrase_id": "2763",
    "example_number": "(284) 300-1234",
    "country_phrase": "Virgin Islands, British"
  },
  {
    "id": 234,
    "iso": "vi",
    "nicename": "Virgin Islands, U.s.",
    "phonecode": 1340,
    "othername": "U.S Virgin Islander",
    "phrase_id": "984",
    "country_phrase_id": "2764",
    "example_number": "(340) 642-1234",
    "country_phrase": "Virgin Islands, U.s."
  },
  {
    "id": 235,
    "iso": "ax",
    "nicename": "Aland Islands",
    "phonecode": 358,
    "othername": "Aland Islands",
    "phrase_id": "1470",
    "country_phrase_id": "2765",
    "example_number": "41 2345678",
    "country_phrase": "Aland Islands"
  },
  {
    "id": 236,
    "iso": "gg",
    "nicename": "Guernsey",
    "phonecode": 44,
    "othername": "Guernsey",
    "phrase_id": "1471",
    "country_phrase_id": "2766",
    "example_number": "7781 123456",
    "country_phrase": "Guernsey"
  },
  {
    "id": 237,
    "iso": "je",
    "nicename": "Jersey",
    "phonecode": 44,
    "othername": "Jersey",
    "phrase_id": "1472",
    "country_phrase_id": "2767",
    "example_number": "7797 712345",
    "country_phrase": "Jersey"
  },
  {
    "id": 238,
    "iso": "im",
    "nicename": "Isle of Man",
    "phonecode": 44,
    "othername": "Isle of Man",
    "phrase_id": "1473",
    "country_phrase_id": "2768",
    "example_number": "7924 123456",
    "country_phrase": "Isle of Man"
  },
  {
    "id": 239,
    "iso": "bl",
    "nicename": "Saint Barthelemy",
    "phonecode": 590,
    "othername": "Saint Barthelemy",
    "phrase_id": "1474",
    "country_phrase_id": "2769",
    "example_number": "690 00 12 34",
    "country_phrase": "Saint Barthelemy"
  },
  {
    "id": 240,
    "iso": "mf",
    "nicename": "Saint Martin",
    "phonecode": 599,
    "othername": "Saint Martin",
    "phrase_id": "1475",
    "country_phrase_id": "2770",
    "example_number": "690 00 12 34",
    "country_phrase": "Saint Martin"
  },
  {
    "id": 241,
    "iso": "wf",
    "nicename": "Wallis and Futuna",
    "phonecode": 681,
    "othername": "Wallis and Futuna",
    "phrase_id": "1476",
    "country_phrase_id": "2771",
    "example_number": "82 12 34",
    "country_phrase": "Wallis and Futuna"
  },
  {
    "id": 242,
    "iso": "eh",
    "nicename": "Western Sahara",
    "phonecode": 212,
    "othername": "Western Sahara",
    "phrase_id": "1477",
    "country_phrase_id": "2772",
    "example_number": "650-123456",
    "country_phrase": "Western Sahara"
  },
  {
    "id": 243,
    "iso": "ye",
    "nicename": "Yemen",
    "phonecode": 967,
    "othername": "Yemen",
    "phrase_id": "1478",
    "country_phrase_id": "2773",
    "example_number": "712 345 678",
    "country_phrase": "Yemen"
  },
  {
    "id": 244,
    "iso": "zm",
    "nicename": "Zambia",
    "phonecode": 260,
    "othername": "Zambia",
    "phrase_id": "1479",
    "country_phrase_id": "2774",
    "example_number": "95 5123456",
    "country_phrase": "Zambia"
  },
  {
    "id": 245,
    "iso": "zw",
    "nicename": "Zimbabwe",
    "phonecode": 263,
    "othername": "Zimbabwe",
    "phrase_id": "1480",
    "country_phrase_id": "2775",
    "example_number": "71 234 5678",
    "country_phrase": "Zimbabwe"
  },
  {
    "id": 246,
    "iso": "xk",
    "nicename": "Republic of Kosovo",
    "phonecode": 383,
    "othername": "Republic of Kosovo",
    "phrase_id": "2126",
    "country_phrase_id": "2776",
    "example_number": "43 201 234",
    "country_phrase": "Republic of Kosovo"
  },
  {
    "id": 247,
    "iso": "cw",
    "nicename": "Curaçao",
    "phonecode": 383,
    "othername": "Curaçao",
    "phrase_id": "2192",
    "country_phrase_id": "2777",
    "example_number": "9 518 1234",
    "country_phrase": "Curaçao"
  },
  {
    "id": 347,
    "iso": "ss",
    "nicename": "South Sudan",
    "phonecode": 211,
    "othername": "South Sudan",
    "phrase_id": "2426",
    "country_phrase_id": "2778",
    "example_number": "977 123 456",
    "country_phrase": "South Sudan"
  },
  {
    "id": 2265,
    "nicename": "United States Minor Outlying Islands",
    "iso": "um",
    "phonecode": 1,
    "othername": "American Islander",
    "country_phrase_id": "2780",
    "country_phrase": "United States Minor Outlying Islands"
  },
  {
    "id": 953,
    "nicename": "Svalbard and Jan Mayen",
    "iso": "sj",
    "phonecode": 47,
    "othername": "Svalbardi and Jan Mayen",
    "country_phrase_id": "2802",
    "example_number": "412 34 567",
    "country_phrase": "Svalbard and Jan Mayen"
  },
  {
    "id": 802,
    "nicename": "Ivory Coast",
    "iso": "ci",
    "phonecode": 225,
    "othername": "Ivorian",
    "country_phrase_id": "2803",
    "example_number": "1 23 45 6789",
    "country_phrase": "Cote D''Ivoire"
  }
]
