[
  {
    "iso_code": "us",
    "name": "United States",
    "nationality": "United States"
  },
  {
    "iso_code": "af",
    "name": "Afghanistan",
    "nationality": "Afghanistani"
  },
  {
    "iso_code": "al",
    "name": "Albania",
    "nationality": "Albanian"
  },
  {
    "iso_code": "dz",
    "name": "Algeria",
    "nationality": "Algerian"
  },
  {
    "iso_code": "as",
    "name": "American Samoa",
    "nationality": "American Samoan"
  },
  {
    "iso_code": "ad",
    "name": "Andorra",
    "nationality": "Andorran"
  },
  {
    "iso_code": "ao",
    "name": "Angola",
    "nationality": "Angolan"
  },
  {
    "iso_code": "ai",
    "name": "Anguilla",
    "nationality": "Anguillan"
  },
  {
    "iso_code": "aq",
    "name": "Antarctica",
    "nationality": "Antarctican"
  },
  {
    "iso_code": "ag",
    "name": "Antigua and Barbuda",
    "nationality": "Antiguan and Barbudan"
  },
  {
    "iso_code": "ar",
    "name": "Argentina",
    "nationality": "Argentinian"
  },
  {
    "iso_code": "am",
    "name": "Armenia",
    "nationality": "Armenian"
  },
  {
    "iso_code": "aw",
    "name": "Aruba",
    "nationality": "Aruban"
  },
  {
    "iso_code": "au",
    "name": "Australia",
    "nationality": "Australians"
  },
  {
    "iso_code": "at",
    "name": "Austria",
    "nationality": "Austrians"
  },
  {
    "iso_code": "az",
    "name": "Azerbaijan",
    "nationality": "Azerbaijanian"
  },
  {
    "iso_code": "bs",
    "name": "Bahamas",
    "nationality": "Bahamian"
  },
  {
    "iso_code": "bh",
    "name": "Bahrain",
    "nationality": "Bahraini"
  },
  {
    "iso_code": "bd",
    "name": "Bangladesh",
    "nationality": "Bangladeshi"
  },
  {
    "iso_code": "bb",
    "name": "Barbados",
    "nationality": "Barbadian"
  },
  {
    "iso_code": "by",
    "name": "Belarus",
    "nationality": "Belarusian"
  },
  {
    "iso_code": "be",
    "name": "Belgium",
    "nationality": "Belgian"
  },
  {
    "iso_code": "bz",
    "name": "Belize",
    "nationality": "Belizean"
  },
  {
    "iso_code": "bj",
    "name": "Benin",
    "nationality": "Beninese"
  },
  {
    "iso_code": "bm",
    "name": "Bermuda",
    "nationality": "Bermudian"
  },
  {
    "iso_code": "bt",
    "name": "Bhutan",
    "nationality": "Bhutanese"
  },
  {
    "iso_code": "bo",
    "name": "Bolivia",
    "nationality": "Bolivian"
  },
  {
    "iso_code": "ba",
    "name": "Bosnia and Herzegovina",
    "nationality": "Bosnian and Herzegovinian"
  },
  {
    "iso_code": "bw",
    "name": "Botswana",
    "nationality": "Botswanan"
  },
  {
    "iso_code": "bv",
    "name": "Bouvet Island",
    "nationality": "Bouvet Islanders"
  },
  {
    "iso_code": "br",
    "name": "Brazil",
    "nationality": "Brazilian"
  },
  {
    "iso_code": "io",
    "name": "British Indian Ocean Territory",
    "nationality": "British (BIOT)"
  },
  {
    "iso_code": "bn",
    "name": "Brunei Darussalam",
    "nationality": "Bruneian"
  },
  {
    "iso_code": "bg",
    "name": "Bulgaria",
    "nationality": "Bulgarian"
  },
  {
    "iso_code": "bf",
    "name": "Burkina Faso",
    "nationality": "Burkinese"
  },
  {
    "iso_code": "bi",
    "name": "Burundi",
    "nationality": "Burundian"
  },
  {
    "iso_code": "kh",
    "name": "Cambodia",
    "nationality": "Cambodian"
  },
  {
    "iso_code": "cm",
    "name": "Cameroon",
    "nationality": "Cameroonian"
  },
  {
    "iso_code": "ca",
    "name": "Canada",
    "nationality": "Canadian"
  },
  {
    "iso_code": "cv",
    "name": "Cape Verde",
    "nationality": "Cape Verdean"
  },
  {
    "iso_code": "ky",
    "name": "Cayman Islands",
    "nationality": "Caymanian"
  },
  {
    "iso_code": "cf",
    "name": "Central African Republic",
    "nationality": "Central African"
  },
  {
    "iso_code": "td",
    "name": "Chad",
    "nationality": "Chadian"
  },
  {
    "iso_code": "cl",
    "name": "Chile",
    "nationality": "Chilean"
  },
  {
    "iso_code": "cn",
    "name": "China",
    "nationality": "Chinese"
  },
  {
    "iso_code": "cx",
    "name": "Christmas Island",
    "nationality": "Christmas Islander"
  },
  {
    "iso_code": "cc",
    "name": "Cocos (Keeling) Islands",
    "nationality": "Cocos (Keeling) Islanders"
  },
  {
    "iso_code": "co",
    "name": "Colombia",
    "nationality": "Colombian"
  },
  {
    "iso_code": "km",
    "name": "Comoros",
    "nationality": "Comorian"
  },
  {
    "iso_code": "cg",
    "name": "Congo",
    "nationality": "Congolese"
  },
  {
    "iso_code": "cd",
    "name": "Democratic Republic of the Congo",
    "nationality": "Congolese"
  },
  {
    "iso_code": "ck",
    "name": "Cook Islands",
    "nationality": "Cook Islanders"
  },
  {
    "iso_code": "cr",
    "name": "Costa Rica",
    "nationality": "Costa Rican"
  },
  {
    "iso_code": "ci",
    "name": "Cote D'Ivoire",
    "nationality": "Ivorian"
  },
  {
    "iso_code": "hr",
    "name": "Croatia",
    "nationality": "Croatian"
  },
  {
    "iso_code": "cu",
    "name": "Cuba",
    "nationality": "Cuban"
  },
  {
    "iso_code": "cy",
    "name": "Cyprus",
    "nationality": "Cyprian"
  },
  {
    "iso_code": "cz",
    "name": "Czech Republic",
    "nationality": "Czechs"
  },
  {
    "iso_code": "dk",
    "name": "Denmark",
    "nationality": "Danes"
  },
  {
    "iso_code": "dj",
    "name": "Djibouti",
    "nationality": "Djiboutians"
  },
  {
    "iso_code": "dm",
    "name": "Dominica",
    "nationality": "Dominican"
  },
  {
    "iso_code": "do",
    "name": "Dominican Republic",
    "nationality": "Dominican"
  },
  {
    "iso_code": "ec",
    "name": "Ecuador",
    "nationality": "Ecuadorian"
  },
  {
    "iso_code": "eg",
    "name": "Egypt",
    "nationality": "Egyptian"
  },
  {
    "iso_code": "sv",
    "name": "El Salvador",
    "nationality": "Salvadoran"
  },
  {
    "iso_code": "gq",
    "name": "Equatorial Guinea",
    "nationality": "Equatoguinean"
  },
  {
    "iso_code": "er",
    "name": "Eritrea",
    "nationality": "Eritrean"
  },
  {
    "iso_code": "ee",
    "name": "Estonia",
    "nationality": "Estonian"
  },
  {
    "iso_code": "et",
    "name": "Ethiopia",
    "nationality": "Ethiopian"
  },
  {
    "iso_code": "fk",
    "name": "Falkland Islands (Malvinas)",
    "nationality": "Falkland Islander"
  },
  {
    "iso_code": "fo",
    "name": "Faroe Islands",
    "nationality": "Faroese"
  },
  {
    "iso_code": "fj",
    "name": "Fiji",
    "nationality": "Fijian"
  },
  {
    "iso_code": "fi",
    "name": "Finland",
    "nationality": "Finnish"
  },
  {
    "iso_code": "fr",
    "name": "France",
    "nationality": "French"
  },
  {
    "iso_code": "gf",
    "name": "French Guiana",
    "nationality": "French Guianese"
  },
  {
    "iso_code": "pf",
    "name": "French Polynesia",
    "nationality": "French Polynesian"
  },
  {
    "iso_code": "tf",
    "name": "French Southern Territories",
    "nationality": "French Southern Territories"
  },
  {
    "iso_code": "ga",
    "name": "Gabon",
    "nationality": "Gabonese"
  },
  {
    "iso_code": "gm",
    "name": "Gambia",
    "nationality": "Gambian"
  },
  {
    "iso_code": "ge",
    "name": "Georgia",
    "nationality": "Georgian"
  },
  {
    "iso_code": "de",
    "name": "Germany",
    "nationality": "German"
  },
  {
    "iso_code": "gh",
    "name": "Ghana",
    "nationality": "Ghanaian"
  },
  {
    "iso_code": "gi",
    "name": "Gibraltar",
    "nationality": "Gibraltarian"
  },
  {
    "iso_code": "gr",
    "name": "Greece",
    "nationality": "Greek"
  },
  {
    "iso_code": "gl",
    "name": "Greenland",
    "nationality": "Greenlander"
  },
  {
    "iso_code": "gd",
    "name": "Grenada",
    "nationality": "Grenadian"
  },
  {
    "iso_code": "gp",
    "name": "Guadeloupe",
    "nationality": "Guadeloupean"
  },
  {
    "iso_code": "gu",
    "name": "Guam",
    "nationality": "Guamanian"
  },
  {
    "iso_code": "gt",
    "name": "Guatemala",
    "nationality": "Guatemalan"
  },
  {
    "iso_code": "gn",
    "name": "Guinea",
    "nationality": "Guinean"
  },
  {
    "iso_code": "gw",
    "name": "Guinea-Bissau",
    "nationality": "Bissau-Guinean"
  },
  {
    "iso_code": "gy",
    "name": "Guyana",
    "nationality": "Guyanese"
  },
  {
    "iso_code": "ht",
    "name": "Haiti",
    "nationality": "Haitian"
  },
  {
    "iso_code": "hm",
    "name": "Heard Island and Mcdonald Islands",
    "nationality": "Heard Island and Mcdonald Islands"
  },
  {
    "iso_code": "va",
    "name": "Holy See (Vatican City State)",
    "nationality": "Vatican"
  },
  {
    "iso_code": "hn",
    "name": "Honduras",
    "nationality": "Honduran"
  },
  {
    "iso_code": "hk",
    "name": "Hong Kong",
    "nationality": "Hong Kongers"
  },
  {
    "iso_code": "hu",
    "name": "Hungary",
    "nationality": "Hungarians"
  },
  {
    "iso_code": "is",
    "name": "Iceland",
    "nationality": "Icelanders"
  },
  {
    "iso_code": "in",
    "name": "India",
    "nationality": "Indian"
  },
  {
    "iso_code": "id",
    "name": "Indonesia",
    "nationality": "Indonesians"
  },
  {
    "iso_code": "ir",
    "name": "Islamic Republic of Iran",
    "nationality": "Iranian"
  },
  {
    "iso_code": "iq",
    "name": "Iraq",
    "nationality": "Iraqi"
  },
  {
    "iso_code": "ie",
    "name": "Ireland",
    "nationality": "Irish"
  },
  {
    "iso_code": "il",
    "name": "Israel",
    "nationality": "Israeli"
  },
  {
    "iso_code": "it",
    "name": "Italy",
    "nationality": "Italian"
  },
  {
    "iso_code": "jm",
    "name": "Jamaica",
    "nationality": "Jamaican"
  },
  {
    "iso_code": "jp",
    "name": "Japan",
    "nationality": "Japanese"
  },
  {
    "iso_code": "jo",
    "name": "Jordan",
    "nationality": "Jordanian"
  },
  {
    "iso_code": "kz",
    "name": "Kazakhstan",
    "nationality": "Kazakhstani"
  },
  {
    "iso_code": "ke",
    "name": "Kenya",
    "nationality": "Kenyan"
  },
  {
    "iso_code": "ki",
    "name": "Kiribati",
    "nationality": "Kiribatian"
  },
  {
    "iso_code": "kp",
    "name": "Democratic People's Republic of Korea",
    "nationality": "North Korean"
  },
  {
    "iso_code": "kr",
    "name": "Republic of Korea",
    "nationality": "South Korean"
  },
  {
    "iso_code": "kw",
    "name": "Kuwait",
    "nationality": "Kuwaiti"
  },
  {
    "iso_code": "kg",
    "name": "Kyrgyzstan",
    "nationality": "Kyrgyzstani"
  },
  {
    "iso_code": "la",
    "name": "Lao People's Democratic Republic",
    "nationality": "Laotian"
  },
  {
    "iso_code": "lv",
    "name": "Latvia",
    "nationality": "Latvian"
  },
  {
    "iso_code": "lb",
    "name": "Lebanon",
    "nationality": "Lebanese"
  },
  {
    "iso_code": "ls",
    "name": "Lesotho",
    "nationality": "Lesothan"
  },
  {
    "iso_code": "lr",
    "name": "Liberia",
    "nationality": "Liberian"
  },
  {
    "iso_code": "ly",
    "name": "Libyan Arab Jamahiriya",
    "nationality": "Libyan"
  },
  {
    "iso_code": "li",
    "name": "Liechtenstein",
    "nationality": "Liechtensteiners"
  },
  {
    "iso_code": "lt",
    "name": "Lithuania",
    "nationality": "Lithuanian"
  },
  {
    "iso_code": "lu",
    "name": "Luxembourg",
    "nationality": "Luxembourgers"
  },
  {
    "iso_code": "mo",
    "name": "Macao",
    "nationality": "Macanese"
  },
  {
    "iso_code": "mk",
    "name": "Former Yugoslav Republic of Macedonia",
    "nationality": "Macedonian"
  },
  {
    "iso_code": "mg",
    "name": "Madagascar",
    "nationality": "Madagascans"
  },
  {
    "iso_code": "mw",
    "name": "Malawi",
    "nationality": "Malawian"
  },
  {
    "iso_code": "my",
    "name": "Malaysia",
    "nationality": "Malaysian"
  },
  {
    "iso_code": "mv",
    "name": "Maldives",
    "nationality": "Maldivian"
  },
  {
    "iso_code": "ml",
    "name": "Mali",
    "nationality": "Malian"
  },
  {
    "iso_code": "mt",
    "name": "Malta",
    "nationality": "Maltese"
  },
  {
    "iso_code": "mh",
    "name": "Marshall Islands",
    "nationality": "Marshallese"
  },
  {
    "iso_code": "mq",
    "name": "Martinique",
    "nationality": "Martiniquaise"
  },
  {
    "iso_code": "mr",
    "name": "Mauritania",
    "nationality": "Mauritanian"
  },
  {
    "iso_code": "mu",
    "name": "Mauritius",
    "nationality": "Mauritian"
  },
  {
    "iso_code": "yt",
    "name": "Mayotte",
    "nationality": "Maorais"
  },
  {
    "iso_code": "mx",
    "name": "Mexico",
    "nationality": "Mexican"
  },
  {
    "iso_code": "fm",
    "name": "Federated States of Micronesia",
    "nationality": "micronesian"
  },
  {
    "iso_code": "md",
    "name": "Republic of Moldova",
    "nationality": "Moldovan"
  },
  {
    "id": 141,
    "iso_code": "mc",
    "name": "Monaco",
    "nationality": "Monacan"
  },
  {
    "iso_code": "mn",
    "name": "Mongolia",
    "nationality": "Mongolian"
  },
  {
    "iso_code": "ms",
    "name": "Montserrat",
    "nationality": "Montserratian"
  },
  {
    "iso_code": "ma",
    "name": "Morocco",
    "nationality": "Moroccan"
  },
  {
    "iso_code": "mz",
    "name": "Mozambique",
    "nationality": "Mozambican"
  },
  {
    "iso_code": "mm",
    "name": "Myanmar",
    "nationality": "Myanman"
  },
  {
    "iso_code": "na",
    "name": "Namibia",
    "nationality": "Namibian"
  },
  {
    "iso_code": "nr",
    "name": "Nauru",
    "nationality": "Nauruan"
  },
  {
    "iso_code": "np",
    "name": "Nepal",
    "nationality": "Nepali"
  },
  {
    "iso_code": "nl",
    "name": "Netherlands",
    "nationality": "Netherlanders"
  },
  {
    "iso_code": "an",
    "name": "Netherlands Antilles",
    "nationality": "Netherlands Antillean"
  },
  {
    "iso_code": "nc",
    "name": "New Caledonia",
    "nationality": "New Caledonian"
  },
  {
    "iso_code": "nz",
    "name": "New Zealand",
    "nationality": "New Zealandian"
  },
  {
    "iso_code": "ni",
    "name": "Nicaragua",
    "nationality": "Nicaraguan"
  },
  {
    "iso_code": "ne",
    "name": "Niger",
    "nationality": "Nigerien"
  },
  {
    "iso_code": "ng",
    "name": "Nigeria",
    "nationality": "Nigerian"
  },
  {
    "iso_code": "nu",
    "name": "Niue",
    "nationality": "Niuean"
  },
  {
    "iso_code": "nf",
    "name": "Norfolk Island",
    "nationality": "Norfolk Islander"
  },
  {
    "iso_code": "mp",
    "name": "Northern Mariana Islands",
    "nationality": "Northern Mariana Islander"
  },
  {
    "iso_code": "no",
    "name": "Norway",
    "nationality": "Norwegian"
  },
  {
    "iso_code": "om",
    "name": "Oman",
    "nationality": "Omani"
  },
  {
    "iso_code": "pk",
    "name": "Pakistan",
    "nationality": "Pakistani"
  },
  {
    "iso_code": "pw",
    "name": "Palau",
    "nationality": "Palauan"
  },
  {
    "iso_code": "ps",
    "name": "Palestinian Territory, Occupied",
    "nationality": "Palestinian"
  },
  {
    "iso_code": "pa",
    "name": "Panama",
    "nationality": "Panamanian"
  },
  {
    "iso_code": "pg",
    "name": "Papua New Guinea",
    "nationality": "Papua New Guinean"
  },
  {
    "iso_code": "py",
    "name": "Paraguay",
    "nationality": "Paraguayan"
  },
  {
    "iso_code": "pe",
    "name": "Peru",
    "nationality": "Peruvian"
  },
  {
    "iso_code": "ph",
    "name": "Philippines",
    "nationality": "Philippines"
  },
  {
    "iso_code": "pn",
    "name": "Pitcairn",
    "nationality": "Pitcairn Islander"
  },
  {
    "iso_code": "pl",
    "name": "Poland",
    "nationality": "Poles"
  },
  {
    "iso_code": "pt",
    "name": "Portugal",
    "nationality": "Portuguese"
  },
  {
    "iso_code": "pr",
    "name": "Puerto Rico",
    "nationality": "Puerto Rican"
  },
  {
    "iso_code": "qa",
    "name": "Qatar",
    "nationality": "Qatari"
  },
  {
    "iso_code": "re",
    "name": "Reunion",
    "nationality": "Réunionese"
  },
  {
    "iso_code": "ro",
    "name": "Romania",
    "nationality": "Romanian"
  },
  {
    "iso_code": "ru",
    "name": "Russian Federation",
    "nationality": "Russian"
  },
  {
    "iso_code": "rw",
    "name": "Rwanda",
    "nationality": "Rwandan"
  },
  {
    "iso_code": "kn",
    "name": "Saint Kitts and Nevis",
    "nationality": "Kittitian or Nevisian"
  },
  {
    "iso_code": "lc",
    "name": "Saint Lucia",
    "nationality": "Saint Lucian"
  },
  {
    "iso_code": "pm",
    "name": "Saint Pierre and Miquelon",
    "nationality": "Pierrian and Miquelonnais"
  },
  {
    "iso_code": "vc",
    "name": "Saint Vincent and the Grenadines",
    "nationality": "Saint Vincentian"
  },
  {
    "iso_code": "ws",
    "name": "Samoa",
    "nationality": "Samoan"
  },
  {
    "iso_code": "sm",
    "name": "San Marino",
    "nationality": "Sammarinese"
  },
  {
    "iso_code": "st",
    "name": "Sao Tome and Principe",
    "nationality": "São Toméan"
  },
  {
    "iso_code": "sa",
    "name": "Saudi Arabia",
    "nationality": "Saudi Arabian"
  },
  {
    "iso_code": "sn",
    "name": "Senegal",
    "nationality": "Senegalese"
  },
  {
    "iso_code": "rs",
    "name": "Serbia",
    "nationality": "serbia"
  },
  {
    "iso_code": "me",
    "name": "Montenegro",
    "nationality": "montenegro"
  },
  {
    "iso_code": "sc",
    "name": "Seychelles",
    "nationality": "Seychellois(e)"
  },
  {
    "iso_code": "sl",
    "name": "Sierra Leone",
    "nationality": "Sierra Leonean"
  },
  {
    "iso_code": "sg",
    "name": "Singapore",
    "nationality": "Singaporean"
  },
  {
    "iso_code": "sk",
    "name": "Slovakian",
    "nationality": "Slovakian"
  },
  {
    "iso_code": "si",
    "name": "Slovenia",
    "nationality": "Slovenian"
  },
  {
    "iso_code": "sb",
    "name": "Solomon Islands",
    "nationality": "Solomon Islanders"
  },
  {
    "id": 196,
    "iso_code": "so",
    "name": "Somalia",
    "nationality": "Somalian"
  },
  {
    "iso_code": "za",
    "name": "South Africa",
    "nationality": "South African"
  },
  {
    "iso_code": "gs",
    "name": "South Georgia and the South Sandwich Islands",
    "nationality": "South Georgian"
  },
  {
    "iso_code": "es",
    "name": "Spain",
    "nationality": "Spanish"
  },
  {
    "iso_code": "lk",
    "name": "Sri Lanka",
    "nationality": "Sri Lankan"
  },
  {
    "iso_code": "sd",
    "name": "Sudan",
    "nationality": "Sudanese"
  },
  {
    "iso_code": "sr",
    "name": "Suriname",
    "nationality": "Surinamese"
  },
  {
    "iso_code": "sj",
    "name": "Svalbard and Jan Mayen",
    "nationality": "Svalbardi and Jan Mayen"
  },
  {
    "iso_code": "sz",
    "name": "Swaziland",
    "nationality": "Swazis"
  },
  {
    "iso_code": "se",
    "name": "Sweden",
    "nationality": "Swedish"
  },
  {
    "iso_code": "ch",
    "name": "Switzerland",
    "nationality": "Swiss"
  },
  {
    "iso_code": "sy",
    "name": "Syrian Arab Republic",
    "nationality": "Syrian"
  },
  {
    "id": 208,
    "iso_code": "tw",
    "name": "Province of China Taiwan",
    "nationality": "Taiwanese"
  },
  {
    "iso_code": "tj",
    "name": "Tajikistan",
    "nationality": "Tajikistani"
  },
  {
    "iso_code": "tz",
    "name": "United Republic of Tanzania",
    "nationality": "Tanzanian"
  },
  {
    "iso_code": "th",
    "name": "Thailand",
    "nationality": "Thai"
  },
  {
    "iso_code": "tl",
    "name": "Timor-Leste",
    "nationality": "Timorese"
  },
  {
    "iso_code": "tg",
    "name": "Togo",
    "nationality": "Togolese"
  },
  {
    "iso_code": "tk",
    "name": "Tokelau",
    "nationality": "Tokelauan"
  },
  {
    "iso_code": "to",
    "name": "Tonga",
    "nationality": "Tongan"
  },
  {
    "iso_code": "tt",
    "name": "Trinidad and Tobago",
    "nationality": "Trinidadian or Tobagonian"
  },
  {
    "iso_code": "tn",
    "name": "Tunisia",
    "nationality": "Tunisian"
  },
  {
    "iso_code": "tr",
    "name": "Turkey",
    "nationality": "Turkish"
  },
  {
    "iso_code": "tm",
    "name": "Turkmenistan",
    "nationality": "Turkmenistani"
  },
  {
    "iso_code": "tc",
    "name": "Turks and Caicos Islands",
    "nationality": "Turks and Caicos Islander"
  },
  {
    "iso_code": "tv",
    "name": "Tuvalu",
    "nationality": "Tuvaluan"
  },
  {
    "iso_code": "ug",
    "name": "Uganda",
    "nationality": "Ugandan"
  },
  {
    "iso_code": "ua",
    "name": "Ukraine",
    "nationality": "Ukrainian"
  },
  {
    "iso_code": "ae",
    "name": "United Arab Emirates",
    "nationality": "Emirati"
  },
  {
    "iso_code": "gb",
    "name": "United Kingdom",
    "nationality": "British"
  },
  {
    "iso_code": "uy",
    "name": "Uruguay",
    "nationality": "Uruguayan"
  },
  {
    "iso_code": "uz",
    "name": "Uzbekistan",
    "nationality": "Uzbekistani"
  },
  {
    "iso_code": "vu",
    "name": "Vanuatu",
    "nationality": "Vanuatuan"
  },
  {
    "iso_code": "ve",
    "name": "Venezuela",
    "nationality": "Venezuelan"
  },
  {
    "iso_code": "vn",
    "name": "Viet Nam",
    "nationality": "Vietnamese"
  },
  {
    "iso_code": "vg",
    "name": "Virgin Islands, British",
    "nationality": "British Virgin Islander"
  },
  {
    "iso_code": "vi",
    "name": "Virgin Islands, U.s.",
    "nationality": "U.S Virgin Islander"
  },
  {
    "iso_code": "ax",
    "name": "Aland Islands",
    "nationality": "Aland Islands"
  },
  {
    "iso_code": "gg",
    "name": "Guernsey",
    "nationality": "Guernsey"
  },
  {
    "iso_code": "je",
    "name": "Jersey",
    "nationality": "Jersey"
  },
  {
    "iso_code": "im",
    "name": "Isle of Man",
    "nationality": "Isle of Man"
  },
  {
    "iso_code": "bl",
    "name": "Saint Barthelemy",
    "nationality": "Saint Barthelemy"
  },
  {
    "iso_code": "mf",
    "name": "Saint Martin",
    "nationality": "Saint Martin"
  },
  {
    "iso_code": "wf",
    "name": "Wallis and Futuna",
    "nationality": "Wallis and Futuna"
  },
  {
    "iso_code": "eh",
    "name": "Western Sahara",
    "nationality": "Western Sahara"
  },
  {
    "iso_code": "ye",
    "name": "Yemen",
    "nationality": "Yemen"
  },
  {
    "iso_code": "zm",
    "name": "Zambia",
    "nationality": "Zambia"
  },
  {
    "iso_code": "zw",
    "name": "Zimbabwe",
    "nationality": "Zimbabwe"
  },
  {
    "iso_code": "xk",
    "name": "Republic of Kosovo",
    "nationality": "Republic of Kosovo"
  },
  {
    "iso_code": "cw",
    "name": "Curaçao",
    "nationality": "Curaçao"
  },
  {
    "iso_code": "SS",
    "name": "South Sudan",
    "nationality": "South Sudan"
  },
  {
    "name": "U.S. Outlying Islands",
    "iso_code": "um",
    "nationality": "American Islander"
  },
  {
    "name": "Ivory Coast",
    "iso_code": "ci",
    "nationality": "Ivorian"
  }
]
