{"nm":"Animation","mn":"","layers":[{"ty":0,"nm":"Tick","mn":"","sr":2.5,"st":-211.5,"op":338.5,"ip":250,"hd":false,"cl":"","ln":"","ddd":0,"bm":0,"tt":0,"hasMask":false,"td":0,"ao":0,"ks":{"a":{"a":0,"k":[36.5,27.5,0],"ix":1},"s":{"a":0,"k":[114.545,114.545,100],"ix":6},"sk":{"a":0,"k":0},"p":{"a":0,"k":[250,325,0],"ix":2},"sa":{"a":0,"k":0},"o":{"a":0,"k":100,"ix":11},"r":{"a":0,"k":0,"ix":10}},"ef":[],"w":73,"h":55,"refId":"comp_0","ind":0},{"ty":0,"nm":"phone-frame-legacy","mn":"","sr":2.5,"st":0,"op":550,"ip":0,"hd":false,"cl":"","ln":"","ddd":0,"bm":0,"tt":0,"hasMask":false,"td":0,"ao":0,"ks":{"a":{"a":0,"k":[200,341,0],"ix":1},"s":{"a":1,"k":[{"o":{"x":0.559,"y":0},"i":{"x":0.399,"y":1},"s":[44.364,44.364,100],"t":100},{"o":{"x":0.785,"y":0},"i":{"x":0.157,"y":1},"s":[39.71,39.71,100],"t":125},{"o":{"x":0.606,"y":0},"i":{"x":0.424,"y":0.989},"s":[39.71,39.71,100],"t":137.5},{"o":{"x":0.167,"y":0.167},"i":{"x":0.833,"y":0.833},"s":[33.779,33.779,100],"t":162}],"ix":6},"sk":{"a":0,"k":0},"p":{"a":1,"k":[{"o":{"x":0.559,"y":0},"i":{"x":0.399,"y":1},"s":[343,318,0],"t":100},{"o":{"x":0.785,"y":0.785},"i":{"x":0.157,"y":0.157},"s":[250,341,0],"t":125},{"o":{"x":0.606,"y":0},"i":{"x":0.424,"y":0.988},"s":[250,341,0],"t":137.5},{"o":{"x":0.167,"y":0.167},"i":{"x":0.833,"y":0.833},"s":[250,313.006,0],"t":162}],"ix":2},"sa":{"a":0,"k":0},"o":{"a":0,"k":100,"ix":11},"r":{"a":1,"k":[{"o":{"x":0.559,"y":0},"i":{"x":0.399,"y":1},"s":[11.434],"t":100},{"o":{"x":0.167,"y":0.167},"i":{"x":0.833,"y":0.833},"s":[0],"t":125}],"ix":10}},"ef":[],"w":400,"h":682,"refId":"comp_1","ind":1},{"ty":0,"nm":"Passport closed","mn":"","sr":2.5,"st":0,"op":550,"ip":0,"hd":false,"cl":"","ln":"","ddd":0,"bm":0,"tt":0,"hasMask":false,"td":0,"ao":0,"ks":{"a":{"a":0,"k":[71.5,99.5,0],"ix":1},"s":{"a":1,"k":[{"o":{"x":0.167,"y":0},"i":{"x":0.833,"y":1},"s":[152.85,152.85,100],"t":0},{"o":{"x":0.674,"y":0},"i":{"x":0.331,"y":1},"s":[160.073,160.073,100],"t":38},{"o":{"x":0.167,"y":0.167},"i":{"x":0.833,"y":0.833},"s":[118.001,118.001,100],"t":75}],"ix":6},"sk":{"a":0,"k":0},"p":{"a":1,"k":[{"o":{"x":0.674,"y":0},"i":{"x":0.331,"y":1},"s":[165,317,0],"t":38},{"o":{"x":0.167,"y":0.167},"i":{"x":0.833,"y":0.833},"s":[250,214,0],"t":75}],"ix":2},"sa":{"a":0,"k":0},"o":{"a":0,"k":100,"ix":11},"r":{"a":1,"k":[{"o":{"x":0.674,"y":0},"i":{"x":0.331,"y":1},"s":[-7.946],"t":38},{"o":{"x":0.167,"y":0.167},"i":{"x":0.833,"y":0.833},"s":[0],"t":75}],"ix":10}},"ef":[],"w":143,"h":199,"refId":"comp_2","ind":2},{"ty":3,"mn":"","sr":1,"st":1,"op":250,"ip":1,"hd":false,"cl":"","ln":"","ddd":0,"bm":0,"tt":0,"hasMask":false,"td":0,"ao":0,"ks":{"a":{"a":0,"k":[175,175,0],"ix":1},"s":{"a":0,"k":[292.484,292.484,100],"ix":6},"sk":{"a":0,"k":0},"p":{"a":0,"k":[200,67.298,0],"ix":2},"sa":{"a":0,"k":0},"o":{"a":0,"k":100,"ix":11},"r":{"a":0,"k":-11.434,"ix":10}},"ind":3,"parent":1}],"ddd":0,"h":500,"w":500,"meta":{"a":"","k":"","d":"","g":"LottieFiles AE 1.1.0","tc":"#ffffff"},"v":"4.8.0","fr":60,"op":270,"ip":0,"assets":[{"nm":"","mn":"","layers":[{"ty":4,"nm":"Layer 2 Outlines","mn":"","sr":1,"st":0,"op":220,"ip":0,"hd":false,"cl":"","ln":"","ddd":0,"bm":0,"tt":0,"hasMask":false,"td":0,"ao":0,"ks":{"a":{"a":0,"k":[36.278,27.289,0],"ix":1},"s":{"a":0,"k":[100,100,100],"ix":6},"sk":{"a":0,"k":0},"p":{"a":0,"k":[36.012,27.023,0],"ix":2},"sa":{"a":0,"k":0},"o":{"a":0,"k":100,"ix":11},"r":{"a":0,"k":0,"ix":10}},"ef":[],"shapes":[{"ty":"gr","bm":0,"cl":"","ln":"","hd":false,"mn":"ADBE Vector Group","nm":"Group 1","ix":1,"cix":2,"np":4,"it":[{"ty":"sh","bm":0,"cl":"","ln":"","hd":false,"mn":"ADBE Vector Shape - Group","nm":"Path 1","ix":1,"d":1,"ks":{"a":0,"k":{"c":true,"i":[[-0.016,-1.893],[1.316,-1.362],[0,0],[1.914,0],[1.354,1.353],[0,0],[-0.016,1.893],[-1.338,1.339],[-1.893,0.017],[-1.362,-1.315],[0,0],[0,0],[-1.893,-0.017],[-1.338,-1.338]],"o":[[0.016,1.893],[0,0],[-1.354,1.353],[-1.915,0],[0,0],[-1.315,-1.361],[0.016,-1.894],[1.339,-1.339],[1.893,-0.016],[0,0],[0,0],[1.362,-1.315],[1.893,0.016],[1.339,1.339]],"v":[[36.004,-19.873],[33.977,-14.794],[-5.734,24.917],[-10.838,27.031],[-15.943,24.917],[-33.994,6.866],[-36.02,1.788],[-33.906,-3.255],[-28.863,-5.37],[-23.784,-3.343],[-10.838,9.603],[23.768,-25.004],[28.847,-27.03],[33.889,-24.916]]},"ix":2}},{"ty":"fl","bm":0,"cl":"","ln":"","hd":false,"mn":"ADBE Vector Graphic - Fill","nm":"Fill 1","c":{"a":0,"k":[1,0.4784,0.4667],"ix":4},"r":1,"o":{"a":0,"k":100,"ix":5}},{"ty":"tr","a":{"a":0,"k":[0,0],"ix":1},"s":{"a":0,"k":[100,100],"ix":3},"sk":{"a":0,"k":0,"ix":4},"p":{"a":0,"k":[36.286,27.297],"ix":2},"r":{"a":0,"k":0,"ix":6},"sa":{"a":0,"k":0,"ix":5},"o":{"a":0,"k":100,"ix":7}}]}],"ind":0}],"id":"comp_0","fr":30},{"nm":"","mn":"","layers":[{"ty":4,"nm":"Layer 1 Outlines","mn":"","sr":1,"st":0,"op":220,"ip":0,"hd":false,"cl":"","ln":"","ddd":0,"bm":0,"tt":0,"hasMask":false,"td":0,"ao":0,"ks":{"a":{"a":0,"k":[200.25,341.01,0],"ix":1},"s":{"a":0,"k":[100,100,100],"ix":6},"sk":{"a":0,"k":0},"p":{"a":0,"k":[200,340.76,0],"ix":2},"sa":{"a":0,"k":0},"o":{"a":0,"k":100,"ix":11},"r":{"a":0,"k":0,"ix":10}},"ef":[],"shapes":[{"ty":"gr","bm":0,"cl":"","ln":"","hd":false,"mn":"ADBE Vector Group","nm":"Group 1","ix":1,"cix":2,"np":6,"it":[{"ty":"sh","bm":0,"cl":"","ln":"","hd":false,"mn":"ADBE Vector Shape - Group","nm":"Path 1","ix":1,"d":1,"ks":{"a":0,"k":{"c":true,"i":[[0,0],[1.257,-1.194],[0,0],[0,1.687],[0,0],[-1.777,0],[0,0],[0,-1.687]],"o":[[-1.257,1.194],[0,0],[-1.777,0],[0,0],[0,-1.687],[0,0],[1.776,0],[0,0]],"v":[[188.622,276.094],[185.403,279.152],[-182.943,279.152],[-186.16,276.097],[-186.16,-275.4],[-182.943,-278.455],[185.406,-278.455],[188.622,-275.4]]},"ix":2}},{"ty":"sh","bm":0,"cl":"","ln":"","hd":false,"mn":"ADBE Vector Shape - Group","nm":"Path 2","ix":2,"d":1,"ks":{"a":0,"k":{"c":true,"i":[[34.034,0],[0,0],[0,-34.421],[0,0],[-34.034,0],[0,0],[0,34.422],[0,0]],"o":[[0,0],[-34.034,0],[0,0],[0,34.422],[0,0],[34.034,0],[0,0],[0,-34.421]],"v":[[138.376,-340.76],[-138.375,-340.76],[-200,-278.435],[-200,278.434],[-138.375,340.76],[138.376,340.76],[200,278.434],[200,-278.435]]},"ix":2}},{"ty":"mm","bm":0,"cl":"","ln":"","hd":false,"mn":"ADBE Vector Filter - Merge","nm":"Merge Paths 1","mm":1},{"ty":"fl","bm":0,"cl":"","ln":"","hd":false,"mn":"ADBE Vector Graphic - Fill","nm":"Fill 1","c":{"a":0,"k":[1,1,1],"ix":4},"r":1,"o":{"a":0,"k":100,"ix":5}},{"ty":"tr","a":{"a":0,"k":[0,0],"ix":1},"s":{"a":0,"k":[100,100],"ix":3},"sk":{"a":0,"k":0,"ix":4},"p":{"a":0,"k":[200.25,341.01],"ix":2},"r":{"a":0,"k":0,"ix":6},"sa":{"a":0,"k":0,"ix":5},"o":{"a":0,"k":100,"ix":7}}]}],"ind":0},{"ty":4,"nm":"Shape Layer 1","mn":"","sr":1,"st":0,"op":220,"ip":0,"hd":false,"cl":"","ln":"","ddd":0,"bm":0,"tt":0,"hasMask":false,"td":0,"ao":0,"ks":{"a":{"a":0,"k":[0,0,0],"ix":1},"s":{"a":0,"k":[100,100,100],"ix":6},"sk":{"a":0,"k":0},"p":{"a":0,"k":[202.021,347.348,0],"ix":2},"sa":{"a":0,"k":0},"o":{"a":0,"k":100,"ix":11},"r":{"a":0,"k":0,"ix":10}},"ef":[],"shapes":[{"ty":"gr","bm":0,"cl":"","ln":"","hd":false,"mn":"ADBE Vector Group","nm":"Rectangle 1","ix":1,"cix":2,"np":3,"it":[{"ty":"rc","bm":0,"cl":"","ln":"","hd":false,"mn":"ADBE Vector Shape - Rect","nm":"Rectangle Path 1","d":1,"p":{"a":0,"k":[0,0],"ix":3},"r":{"a":0,"k":0,"ix":4},"s":{"a":0,"k":[381.488,497.898],"ix":2}},{"ty":"fl","bm":0,"cl":"","ln":"","hd":false,"mn":"ADBE Vector Graphic - Fill","nm":"Fill 1","c":{"a":0,"k":[0.1137,0.1725,0.2588],"ix":4},"r":1,"o":{"a":0,"k":100,"ix":5}},{"ty":"tr","a":{"a":0,"k":[0,0],"ix":1},"s":{"a":0,"k":[100,116.579],"ix":3},"sk":{"a":0,"k":0,"ix":4},"p":{"a":0,"k":[-2.021,-6.348],"ix":2},"r":{"a":0,"k":0,"ix":6},"sa":{"a":0,"k":0,"ix":5},"o":{"a":0,"k":100,"ix":7}}]}],"ind":1}],"id":"comp_1","fr":30},{"nm":"","mn":"","layers":[{"ty":4,"nm":"Layer 2 Outlines","mn":"","sr":1,"st":0,"op":300,"ip":0,"hd":false,"cl":"","ln":"","ddd":0,"bm":0,"tt":0,"hasMask":false,"td":0,"ao":0,"ks":{"a":{"a":0,"k":[29.213,1.307,0],"ix":1},"s":{"a":0,"k":[100,100,100],"ix":6},"sk":{"a":0,"k":0},"p":{"a":0,"k":[71.651,99.209,0],"ix":2},"sa":{"a":0,"k":0},"o":{"a":0,"k":100,"ix":11},"r":{"a":0,"k":0,"ix":10}},"ef":[],"shapes":[{"ty":"gr","bm":0,"cl":"","ln":"","hd":false,"mn":"ADBE Vector Group","nm":"Group 1","ix":1,"cix":2,"np":2,"it":[{"ty":"sh","bm":0,"cl":"","ln":"","hd":false,"mn":"ADBE Vector Shape - Group","nm":"Path 1","ix":1,"d":1,"ks":{"a":0,"k":{"c":true,"i":[[0,0],[0,0],[0,0],[0,0]],"o":[[0,0],[0,0],[0,0],[0,0]],"v":[[-28.963,-1.057],[28.963,-1.057],[28.963,1.057],[-28.963,1.057]]},"ix":2}},{"ty":"fl","bm":0,"cl":"","ln":"","hd":false,"mn":"ADBE Vector Graphic - Fill","nm":"Fill 1","c":{"a":0,"k":[1,0.8902,0.8275],"ix":4},"r":1,"o":{"a":0,"k":100,"ix":5}},{"ty":"tr","a":{"a":0,"k":[0,0],"ix":1},"s":{"a":0,"k":[100,100],"ix":3},"sk":{"a":0,"k":0,"ix":4},"p":{"a":0,"k":[29.213,1.307],"ix":2},"r":{"a":0,"k":0,"ix":6},"sa":{"a":0,"k":0,"ix":5},"o":{"a":0,"k":100,"ix":7}}]}],"ind":0},{"ty":4,"nm":"Layer 3 Outlines","mn":"","sr":1,"st":0,"op":300,"ip":0,"hd":false,"cl":"","ln":"","ddd":0,"bm":0,"tt":0,"hasMask":false,"td":0,"ao":0,"ks":{"a":{"a":0,"k":[29.847,1.307,0],"ix":1},"s":{"a":0,"k":[100,100,100],"ix":6},"sk":{"a":0,"k":0},"p":{"a":0,"k":[71.652,65.583,0],"ix":2},"sa":{"a":0,"k":0},"o":{"a":0,"k":100,"ix":11},"r":{"a":0,"k":0,"ix":10}},"ef":[],"shapes":[{"ty":"gr","bm":0,"cl":"","ln":"","hd":false,"mn":"ADBE Vector Group","nm":"Group 1","ix":1,"cix":2,"np":2,"it":[{"ty":"sh","bm":0,"cl":"","ln":"","hd":false,"mn":"ADBE Vector Shape - Group","nm":"Path 1","ix":1,"d":1,"ks":{"a":0,"k":{"c":true,"i":[[0,0],[0,0],[0,0],[0,0]],"o":[[0,0],[0,0],[0,0],[0,0]],"v":[[-29.598,-1.057],[29.598,-1.057],[29.598,1.057],[-29.598,1.057]]},"ix":2}},{"ty":"fl","bm":0,"cl":"","ln":"","hd":false,"mn":"ADBE Vector Graphic - Fill","nm":"Fill 1","c":{"a":0,"k":[1,0.8902,0.8275],"ix":4},"r":1,"o":{"a":0,"k":100,"ix":5}},{"ty":"tr","a":{"a":0,"k":[0,0],"ix":1},"s":{"a":0,"k":[100,100],"ix":3},"sk":{"a":0,"k":0,"ix":4},"p":{"a":0,"k":[29.847,1.307],"ix":2},"r":{"a":0,"k":0,"ix":6},"sa":{"a":0,"k":0,"ix":5},"o":{"a":0,"k":100,"ix":7}}]}],"ind":1},{"ty":4,"nm":"Layer 4 Outlines","mn":"","sr":1,"st":0,"op":300,"ip":0,"hd":false,"cl":"","ln":"","ddd":0,"bm":0,"tt":0,"hasMask":false,"td":0,"ao":0,"ks":{"a":{"a":0,"k":[34.815,1.307,0],"ix":1},"s":{"a":0,"k":[100,100,100],"ix":6},"sk":{"a":0,"k":0},"p":{"a":0,"k":[71.651,82.505,0],"ix":2},"sa":{"a":0,"k":0},"o":{"a":0,"k":100,"ix":11},"r":{"a":0,"k":0,"ix":10}},"ef":[],"shapes":[{"ty":"gr","bm":0,"cl":"","ln":"","hd":false,"mn":"ADBE Vector Group","nm":"Group 1","ix":1,"cix":2,"np":2,"it":[{"ty":"sh","bm":0,"cl":"","ln":"","hd":false,"mn":"ADBE Vector Shape - Group","nm":"Path 1","ix":1,"d":1,"ks":{"a":0,"k":{"c":true,"i":[[0,0],[0,0],[0,0],[0,0]],"o":[[0,0],[0,0],[0,0],[0,0]],"v":[[-34.566,-1.057],[34.566,-1.057],[34.566,1.057],[-34.566,1.057]]},"ix":2}},{"ty":"fl","bm":0,"cl":"","ln":"","hd":false,"mn":"ADBE Vector Graphic - Fill","nm":"Fill 1","c":{"a":0,"k":[1,0.8902,0.8275],"ix":4},"r":1,"o":{"a":0,"k":100,"ix":5}},{"ty":"tr","a":{"a":0,"k":[0,0],"ix":1},"s":{"a":0,"k":[100,100],"ix":3},"sk":{"a":0,"k":0,"ix":4},"p":{"a":0,"k":[34.815,1.307],"ix":2},"r":{"a":0,"k":0,"ix":6},"sa":{"a":0,"k":0,"ix":5},"o":{"a":0,"k":100,"ix":7}}]}],"ind":2},{"ty":4,"nm":"Layer 5 Outlines","mn":"","sr":1,"st":0,"op":300,"ip":0,"hd":false,"cl":"","ln":"","ddd":0,"bm":0,"tt":0,"hasMask":false,"td":0,"ao":0,"ks":{"a":{"a":0,"k":[1.307,34.815,0],"ix":1},"s":{"a":0,"k":[100,100,100],"ix":6},"sk":{"a":0,"k":0},"p":{"a":0,"k":[71.651,82.183,0],"ix":2},"sa":{"a":0,"k":0},"o":{"a":0,"k":100,"ix":11},"r":{"a":0,"k":0,"ix":10}},"ef":[],"shapes":[{"ty":"gr","bm":0,"cl":"","ln":"","hd":false,"mn":"ADBE Vector Group","nm":"Group 1","ix":1,"cix":2,"np":2,"it":[{"ty":"sh","bm":0,"cl":"","ln":"","hd":false,"mn":"ADBE Vector Shape - Group","nm":"Path 1","ix":1,"d":1,"ks":{"a":0,"k":{"c":true,"i":[[0,0],[0,0],[0,0],[0,0]],"o":[[0,0],[0,0],[0,0],[0,0]],"v":[[-1.057,-34.566],[1.057,-34.566],[1.057,34.566],[-1.057,34.566]]},"ix":2}},{"ty":"fl","bm":0,"cl":"","ln":"","hd":false,"mn":"ADBE Vector Graphic - Fill","nm":"Fill 1","c":{"a":0,"k":[1,0.8902,0.8275],"ix":4},"r":1,"o":{"a":0,"k":100,"ix":5}},{"ty":"tr","a":{"a":0,"k":[0,0],"ix":1},"s":{"a":0,"k":[100,100],"ix":3},"sk":{"a":0,"k":0,"ix":4},"p":{"a":0,"k":[1.307,34.815],"ix":2},"r":{"a":0,"k":0,"ix":6},"sa":{"a":0,"k":0,"ix":5},"o":{"a":0,"k":100,"ix":7}}]}],"ind":3},{"ty":4,"nm":"Layer 6 Outlines","mn":"","sr":1,"st":0,"op":300,"ip":0,"hd":false,"cl":"","ln":"","ddd":0,"bm":0,"tt":0,"hasMask":false,"td":0,"ao":0,"ks":{"a":{"a":0,"k":[13.78,7.981,0],"ix":1},"s":{"a":0,"k":[100,100,100],"ix":6},"sk":{"a":0,"k":0},"p":{"a":0,"k":[71.647,173.107,0],"ix":2},"sa":{"a":0,"k":0},"o":{"a":0,"k":100,"ix":11},"r":{"a":0,"k":0,"ix":10}},"ef":[],"shapes":[{"ty":"gr","bm":0,"cl":"","ln":"","hd":false,"mn":"ADBE Vector Group","nm":"Group 1","ix":1,"cix":2,"np":4,"it":[{"ty":"sh","bm":0,"cl":"","ln":"","hd":false,"mn":"ADBE Vector Shape - Group","nm":"Path 1","ix":1,"d":1,"ks":{"a":0,"k":{"c":true,"i":[[-1.996,0],[0,1.997],[1.996,0],[0,-1.996]],"o":[[1.996,0],[0,-1.996],[-1.996,0],[0,1.997]],"v":[[0.001,3.615],[3.615,-0.001],[0.001,-3.616],[-3.615,-0.001]]},"ix":2}},{"ty":"sh","bm":0,"cl":"","ln":"","hd":false,"mn":"ADBE Vector Shape - Group","nm":"Path 2","ix":2,"d":1,"ks":{"a":0,"k":{"c":true,"i":[[0,0],[0,0],[0,0],[0,0],[2.578,0],[0.374,-2.473],[0,0],[0,0],[0,0],[-2.577,0],[-0.376,2.473],[0,0],[0,0],[0,0]],"o":[[0,0],[0,0],[0,0],[-0.375,-2.473],[-2.577,0],[0,0],[0,0],[0,0],[0.375,2.473],[2.578,0],[0,0],[0,0],[0,0],[0,0]],"v":[[-13.531,-7.732],[13.531,-7.732],[13.531,-0.777],[5.064,-0.777],[-0.023,-5.146],[-5.111,-0.777],[-13.527,-0.777],[-13.527,0.779],[-5.111,0.779],[-0.023,5.146],[5.064,0.779],[13.531,0.779],[13.531,7.732],[-13.531,7.732]]},"ix":2}},{"ty":"mm","bm":0,"cl":"","ln":"","hd":false,"mn":"ADBE Vector Filter - Merge","nm":"Merge Paths 1","mm":1},{"ty":"fl","bm":0,"cl":"","ln":"","hd":false,"mn":"ADBE Vector Graphic - Fill","nm":"Fill 1","c":{"a":0,"k":[1,0.8902,0.8275],"ix":4},"r":1,"o":{"a":0,"k":100,"ix":5}},{"ty":"tr","a":{"a":0,"k":[0,0],"ix":1},"s":{"a":0,"k":[100,100],"ix":3},"sk":{"a":0,"k":0,"ix":4},"p":{"a":0,"k":[13.78,7.982],"ix":2},"r":{"a":0,"k":0,"ix":6},"sa":{"a":0,"k":0,"ix":5},"o":{"a":0,"k":100,"ix":7}}]}],"ind":4},{"ty":4,"nm":"Layer 7 Outlines","mn":"","sr":1,"st":0,"op":300,"ip":0,"hd":false,"cl":"","ln":"","ddd":0,"bm":0,"tt":0,"hasMask":false,"td":0,"ao":0,"ks":{"a":{"a":0,"k":[21.035,35.622,0],"ix":1},"s":{"a":0,"k":[100,100,100],"ix":6},"sk":{"a":0,"k":0},"p":{"a":0,"k":[71.549,82.182,0],"ix":2},"sa":{"a":0,"k":0},"o":{"a":0,"k":100,"ix":11},"r":{"a":0,"k":0,"ix":10}},"ef":[],"shapes":[{"ty":"gr","bm":0,"cl":"","ln":"","hd":false,"mn":"ADBE Vector Group","nm":"Group 1","ix":1,"cix":2,"np":2,"it":[{"ty":"sh","bm":0,"cl":"","ln":"","hd":false,"mn":"ADBE Vector Shape - Group","nm":"Path 1","ix":1,"d":1,"ks":{"a":0,"k":{"c":true,"i":[[0,-9.393],[3.507,-6.067],[4.98,0],[3.523,6.095],[0,9.393],[-3.507,6.068],[-4.98,0],[-3.522,-6.095]],"o":[[0,9.393],[-3.522,6.095],[-4.98,0],[-3.507,-6.067],[0,-9.393],[3.523,-6.095],[4.98,0],[3.507,6.068]],"v":[[18.921,0],[13.211,23.912],[0,33.508],[-13.212,23.912],[-18.921,0],[-13.212,-23.913],[0,-33.508],[13.211,-23.913]]},"ix":2}},{"ty":"st","bm":0,"cl":"","ln":"","hd":false,"mn":"ADBE Vector Graphic - Stroke","nm":"Stroke 1","lc":1,"lj":1,"ml":4,"o":{"a":0,"k":100,"ix":4},"w":{"a":0,"k":2.114,"ix":5},"d":[],"c":{"a":0,"k":[1,0.8902,0.8275],"ix":3}},{"ty":"tr","a":{"a":0,"k":[0,0],"ix":1},"s":{"a":0,"k":[100,100],"ix":3},"sk":{"a":0,"k":0,"ix":4},"p":{"a":0,"k":[21.035,35.622],"ix":2},"r":{"a":0,"k":0,"ix":6},"sa":{"a":0,"k":0,"ix":5},"o":{"a":0,"k":100,"ix":7}}]}],"ind":5},{"ty":4,"nm":"Layer 8 Outlines","mn":"","sr":1,"st":0,"op":300,"ip":0,"hd":false,"cl":"","ln":"","ddd":0,"bm":0,"tt":0,"hasMask":false,"td":0,"ao":0,"ks":{"a":{"a":0,"k":[35.622,35.622,0],"ix":1},"s":{"a":0,"k":[100,100,100],"ix":6},"sk":{"a":0,"k":0},"p":{"a":0,"k":[71.55,82.183,0],"ix":2},"sa":{"a":0,"k":0},"o":{"a":0,"k":100,"ix":11},"r":{"a":0,"k":0,"ix":10}},"ef":[],"shapes":[{"ty":"gr","bm":0,"cl":"","ln":"","hd":false,"mn":"ADBE Vector Group","nm":"Group 1","ix":1,"cix":2,"np":2,"it":[{"ty":"sh","bm":0,"cl":"","ln":"","hd":false,"mn":"ADBE Vector Shape - Group","nm":"Path 1","ix":1,"d":1,"ks":{"a":0,"k":{"c":true,"i":[[-18.506,0],[0,-18.506],[18.506,0],[0,18.507]],"o":[[18.506,0],[0,18.507],[-18.506,0],[0,-18.506]],"v":[[0,-33.508],[33.508,-0.001],[0,33.508],[-33.508,-0.001]]},"ix":2}},{"ty":"st","bm":0,"cl":"","ln":"","hd":false,"mn":"ADBE Vector Graphic - Stroke","nm":"Stroke 1","lc":1,"lj":1,"ml":4,"o":{"a":0,"k":100,"ix":4},"w":{"a":0,"k":2.114,"ix":5},"d":[],"c":{"a":0,"k":[1,0.8902,0.8275],"ix":3}},{"ty":"tr","a":{"a":0,"k":[0,0],"ix":1},"s":{"a":0,"k":[100,100],"ix":3},"sk":{"a":0,"k":0,"ix":4},"p":{"a":0,"k":[35.622,35.622],"ix":2},"r":{"a":0,"k":0,"ix":6},"sa":{"a":0,"k":0,"ix":5},"o":{"a":0,"k":100,"ix":7}}]}],"ind":6},{"ty":4,"nm":"Layer 9 Outlines","mn":"","sr":1,"st":0,"op":300,"ip":0,"hd":false,"cl":"","ln":"","ddd":0,"bm":0,"tt":0,"hasMask":false,"td":0,"ao":0,"ks":{"a":{"a":0,"k":[71.073,99.401,0],"ix":1},"s":{"a":0,"k":[100,100,100],"ix":6},"sk":{"a":0,"k":0},"p":{"a":0,"k":[71.44,99.839,0],"ix":2},"sa":{"a":0,"k":0},"o":{"a":0,"k":100,"ix":11},"r":{"a":0,"k":0,"ix":10}},"ef":[],"shapes":[{"ty":"gr","bm":0,"cl":"","ln":"","hd":false,"mn":"ADBE Vector Group","nm":"Group 1","ix":1,"cix":2,"np":2,"it":[{"ty":"sh","bm":0,"cl":"","ln":"","hd":false,"mn":"ADBE Vector Shape - Group","nm":"Path 1","ix":1,"d":1,"ks":{"a":0,"k":{"c":true,"i":[[0,0],[-0.934,0],[0,0],[0,-7.473],[0,0],[7.472,0],[0,0],[0,0.934]],"o":[[0,-0.934],[0,0],[7.472,0],[0,0],[0,7.473],[0,0],[-0.934,0],[0,0]],"v":[[-70.822,-97.46],[-69.132,-99.151],[57.292,-99.151],[70.822,-85.621],[70.822,85.621],[57.292,99.151],[-69.132,99.151],[-70.822,97.46]]},"ix":2}},{"ty":"fl","bm":0,"cl":"","ln":"","hd":false,"mn":"ADBE Vector Graphic - Fill","nm":"Fill 1","c":{"a":0,"k":[1,0.4784,0.4667],"ix":4},"r":1,"o":{"a":0,"k":100,"ix":5}},{"ty":"tr","a":{"a":0,"k":[0,0],"ix":1},"s":{"a":0,"k":[100,100],"ix":3},"sk":{"a":0,"k":0,"ix":4},"p":{"a":0,"k":[71.072,99.401],"ix":2},"r":{"a":0,"k":0,"ix":6},"sa":{"a":0,"k":0,"ix":5},"o":{"a":0,"k":100,"ix":7}}]}],"ind":7}],"id":"comp_2","fr":30},{"nm":"","mn":"","layers":[{"ty":4,"nm":"Layer 4 Outlines 2","mn":"","sr":1,"st":0,"op":180,"ip":0,"hd":false,"cl":"","ln":"","ddd":0,"bm":0,"tt":0,"hasMask":false,"td":0,"ao":0,"ks":{"a":{"a":0,"k":[164.281,164.281,0],"ix":1},"s":{"a":1,"k":[{"o":{"x":0.707,"y":0},"i":{"x":0.293,"y":1},"s":[100,100,100],"t":0},{"o":{"x":0.707,"y":0},"i":{"x":0.293,"y":1},"s":[73.825,73.825,100],"t":30},{"o":{"x":0.707,"y":0},"i":{"x":0.293,"y":1},"s":[100,100,100],"t":60},{"o":{"x":0.707,"y":0},"i":{"x":0.293,"y":1},"s":[73.825,73.825,100],"t":90},{"o":{"x":0.707,"y":0},"i":{"x":0.293,"y":1},"s":[100,100,100],"t":120},{"o":{"x":0.707,"y":0},"i":{"x":0.293,"y":1},"s":[73.825,73.825,100],"t":150},{"o":{"x":0.167,"y":0.167},"i":{"x":0.833,"y":0.833},"s":[100,100,100],"t":180}],"ix":6},"sk":{"a":0,"k":0},"p":{"a":0,"k":[174.781,174.781,0],"ix":2},"sa":{"a":0,"k":0},"o":{"a":0,"k":100,"ix":11},"r":{"a":0,"k":0,"ix":10}},"ef":[],"shapes":[{"ty":"gr","bm":0,"cl":"","ln":"","hd":false,"mn":"ADBE Vector Group","nm":"Group 1","ix":1,"cix":2,"np":4,"it":[{"ty":"sh","bm":0,"cl":"","ln":"","hd":false,"mn":"ADBE Vector Shape - Group","nm":"Path 1","ix":1,"d":1,"ks":{"a":0,"k":{"c":true,"i":[[-90.73,0],[0,-90.73],[90.73,0],[0,90.73]],"o":[[90.73,0],[0,90.73],[-90.73,0],[0,-90.73]],"v":[[0,-164.281],[164.281,0],[0,164.281],[-164.281,0]]},"ix":2}},{"ty":"fl","bm":0,"cl":"","ln":"","hd":false,"mn":"ADBE Vector Graphic - Fill","nm":"Fill 1","c":{"a":0,"k":[1,1,1],"ix":4},"r":1,"o":{"a":0,"k":10,"ix":5}},{"ty":"tr","a":{"a":0,"k":[0,0],"ix":1},"s":{"a":0,"k":[100,100],"ix":3},"sk":{"a":0,"k":0,"ix":4},"p":{"a":0,"k":[164.281,164.281],"ix":2},"r":{"a":0,"k":0,"ix":6},"sa":{"a":0,"k":0,"ix":5},"o":{"a":0,"k":100,"ix":7}}]}],"ind":0},{"ty":4,"nm":"Layer 4 Outlines","mn":"","sr":1,"st":0,"op":180,"ip":0,"hd":false,"cl":"","ln":"","ddd":0,"bm":0,"tt":0,"hasMask":false,"td":0,"ao":0,"ks":{"a":{"a":0,"k":[164.281,164.281,0],"ix":1},"s":{"a":1,"k":[{"o":{"x":0.707,"y":0},"i":{"x":0.293,"y":1},"s":[89.043,89.043,100],"t":0},{"o":{"x":0.707,"y":0},"i":{"x":0.293,"y":1},"s":[22.693,22.693,100],"t":30},{"o":{"x":0.707,"y":0},"i":{"x":0.293,"y":1},"s":[89,89,100],"t":60},{"o":{"x":0.707,"y":0},"i":{"x":0.293,"y":1},"s":[22.693,22.693,100],"t":90},{"o":{"x":0.707,"y":0},"i":{"x":0.293,"y":1},"s":[89,89,100],"t":120},{"o":{"x":0.719,"y":0},"i":{"x":0.317,"y":0.966},"s":[22.693,22.693,100],"t":150},{"o":{"x":0.325,"y":0.003},"i":{"x":0.658,"y":1},"s":[73.957,73.957,100],"t":179},{"o":{"x":0.167,"y":0.167},"i":{"x":0.833,"y":0.833},"s":[83,83,100],"t":180}],"ix":6},"sk":{"a":0,"k":0},"p":{"a":0,"k":[174.781,174.781,0],"ix":2},"sa":{"a":0,"k":0},"o":{"a":0,"k":100,"ix":11},"r":{"a":0,"k":0,"ix":10}},"ef":[],"shapes":[{"ty":"gr","bm":0,"cl":"","ln":"","hd":false,"mn":"ADBE Vector Group","nm":"Group 1","ix":1,"cix":2,"np":4,"it":[{"ty":"sh","bm":0,"cl":"","ln":"","hd":false,"mn":"ADBE Vector Shape - Group","nm":"Path 1","ix":1,"d":1,"ks":{"a":0,"k":{"c":true,"i":[[-90.73,0],[0,-90.73],[90.73,0],[0,90.73]],"o":[[90.73,0],[0,90.73],[-90.73,0],[0,-90.73]],"v":[[0,-164.281],[164.281,0],[0,164.281],[-164.281,0]]},"ix":2}},{"ty":"fl","bm":0,"cl":"","ln":"","hd":false,"mn":"ADBE Vector Graphic - Fill","nm":"Fill 1","c":{"a":0,"k":[1,1,1],"ix":4},"r":1,"o":{"a":0,"k":10,"ix":5}},{"ty":"tr","a":{"a":0,"k":[0,0],"ix":1},"s":{"a":0,"k":[100,100],"ix":3},"sk":{"a":0,"k":0,"ix":4},"p":{"a":0,"k":[164.281,164.281],"ix":2},"r":{"a":0,"k":0,"ix":6},"sa":{"a":0,"k":0,"ix":5},"o":{"a":0,"k":100,"ix":7}}]}],"ind":1},{"ty":0,"nm":"NFC active","mn":"","sr":2.55,"st":-279,"op":282,"ip":180,"hd":false,"cl":"","ln":"","ddd":0,"bm":0,"tt":0,"hasMask":false,"td":0,"ao":0,"ks":{"a":{"a":0,"k":[159,159,0],"ix":1},"s":{"a":0,"k":[110.063,110.063,100],"ix":6},"sk":{"a":0,"k":0},"p":{"a":0,"k":[175,175,0],"ix":2},"sa":{"a":0,"k":0},"o":{"a":0,"k":100,"ix":11},"r":{"a":1,"k":[{"o":{"x":0.333,"y":0},"i":{"x":0.667,"y":1},"s":[0],"t":180},{"o":{"x":0.333,"y":0},"i":{"x":0.667,"y":1},"s":[-15],"t":200},{"o":{"x":0.333,"y":0},"i":{"x":0.667,"y":1},"s":[0],"t":220},{"o":{"x":0.333,"y":0},"i":{"x":0.667,"y":1},"s":[-15],"t":240},{"o":{"x":0.333,"y":0},"i":{"x":0.667,"y":1},"s":[0],"t":260},{"o":{"x":0.167,"y":0.167},"i":{"x":0.833,"y":0.833},"s":[-15],"t":280}],"ix":10}},"ef":[],"w":318,"h":318,"refId":"comp_4","ind":2},{"ty":0,"nm":"NFC active","mn":"","sr":2.55,"st":-279,"op":282,"ip":180,"hd":false,"cl":"","ln":"","ddd":0,"bm":0,"tt":0,"hasMask":false,"td":0,"ao":0,"ks":{"a":{"a":0,"k":[159,159,0],"ix":1},"s":{"a":0,"k":[83.648,83.648,100],"ix":6},"sk":{"a":0,"k":0},"p":{"a":0,"k":[175,175,0],"ix":2},"sa":{"a":0,"k":0},"o":{"a":0,"k":100,"ix":11},"r":{"a":1,"k":[{"o":{"x":0.333,"y":0},"i":{"x":0.667,"y":1},"s":[0],"t":180},{"o":{"x":0.333,"y":0},"i":{"x":0.667,"y":1},"s":[15],"t":200},{"o":{"x":0.333,"y":0},"i":{"x":0.667,"y":1},"s":[0],"t":220},{"o":{"x":0.333,"y":0},"i":{"x":0.667,"y":1},"s":[15],"t":240},{"o":{"x":0.333,"y":0},"i":{"x":0.667,"y":1},"s":[0],"t":260},{"o":{"x":0.167,"y":0.167},"i":{"x":0.833,"y":0.833},"s":[15],"t":280}],"ix":10}},"ef":[],"w":318,"h":318,"refId":"comp_4","ind":3}],"id":"comp_3","fr":30},{"nm":"","mn":"","layers":[{"ty":4,"nm":"Layer 2 Outlines","mn":"","sr":1,"st":0,"op":220,"ip":0,"hd":false,"cl":"","ln":"","ddd":0,"bm":0,"tt":0,"hasMask":false,"td":0,"ao":0,"ks":{"a":{"a":0,"k":[156.584,159,0],"ix":1},"s":{"a":0,"k":[100,100,100],"ix":6},"sk":{"a":0,"k":0},"p":{"a":0,"k":[159,159,0],"ix":2},"sa":{"a":0,"k":0},"o":{"a":0,"k":100,"ix":11},"r":{"a":0,"k":0,"ix":10}},"ef":[],"shapes":[{"ty":"gr","bm":0,"cl":"","ln":"","hd":false,"mn":"ADBE Vector Group","nm":"Group 1","ix":1,"cix":2,"np":3,"it":[{"ty":"sh","bm":0,"cl":"","ln":"","hd":false,"mn":"ADBE Vector Shape - Group","nm":"Path 1","ix":1,"d":1,"ks":{"a":0,"k":{"c":true,"i":[[0,0],[0,0],[0,0],[0,0],[0,0],[0,0],[0,0],[0,0],[0,0],[0,0],[0,0],[0,0],[0,0],[0,0],[0,0],[0,0],[0,0],[0,0],[0,0],[0,0],[0,0],[0,0],[0,0],[0,0],[0,0],[0,0],[0,0],[0,0],[0,0],[0,0],[0,0],[0,0],[0,0],[0,0],[0,0],[0,0]],"o":[[0,0],[0,0],[0,0],[0,0],[0,0],[0,0],[0,0],[0,0],[0,0],[0,0],[0,0],[0,0],[0,0],[0,0],[0,0],[0,0],[0,0],[0,0],[0,0],[0,0],[0,0],[0,0],[0,0],[0,0],[0,0],[0,0],[0,0],[0,0],[0,0],[0,0],[0,0],[0,0],[0,0],[0,0],[0,0],[0,0]],"v":[[0,-159],[25.18,-142.805],[54.381,-149.411],[72.504,-125.581],[102.203,-121.801],[111.083,-93.209],[137.698,-79.5],[136.263,-49.596],[156.584,-27.61],[145.008,0],[156.584,27.61],[136.263,49.596],[137.698,79.5],[111.083,93.209],[102.203,121.801],[72.504,125.581],[54.381,149.411],[25.18,142.805],[0,159],[-25.18,142.805],[-54.381,149.411],[-72.504,125.581],[-102.203,121.801],[-111.083,93.209],[-137.698,79.5],[-136.263,49.596],[-156.584,27.61],[-145.008,0],[-156.584,-27.61],[-136.263,-49.596],[-137.698,-79.5],[-111.083,-93.209],[-102.203,-121.801],[-72.504,-125.581],[-54.381,-149.411],[-25.18,-142.805]]},"ix":2}},{"ty":"mm","bm":0,"cl":"","ln":"","hd":false,"mn":"ADBE Vector Filter - Merge","nm":"Merge Paths 1","mm":4},{"ty":"fl","bm":0,"cl":"","ln":"","hd":false,"mn":"ADBE Vector Graphic - Fill","nm":"Fill 1","c":{"a":0,"k":[1,1,1],"ix":4},"r":1,"o":{"a":0,"k":10,"ix":5}},{"ty":"tr","a":{"a":0,"k":[0,0],"ix":1},"s":{"a":0,"k":[100,100],"ix":3},"sk":{"a":0,"k":0,"ix":4},"p":{"a":0,"k":[156.584,159],"ix":2},"r":{"a":0,"k":0,"ix":6},"sa":{"a":0,"k":0,"ix":5},"o":{"a":0,"k":100,"ix":7}}]}],"ind":0}],"id":"comp_4","fr":30}]}